GENERATION_PROJECT,gen_dbid,gen_energy_source,gen_load_zone,gen_max_age,gen_is_variable,gen_is_baseload,gen_can_provide_spinning_reserves,gen_full_load_heat_rate,gen_variable_om,gen_connect_cost_per_mw,gen_scheduled_outage_rate,gen_forced_outage_rate,gen_min_load_fraction,gen_capacity_limit_mw,gen_min_build_capacity,variable_gen_cost,gen_is_distributed
Anhui-Central_PV-2022,existing.1-1,Solar,Anhui,20,True,False,False,.,0.0,0,0.0,0.02,0.0,10640.0,0,0.0,False
Anhui-Coal-2022,existing.1-2,Coal,Anhui,35,False,False,True,7.93,3.0,0,0.34,0.05,0.42,53780.0,0,0.0,False
Anhui-Gas-2022,existing.1-3,Gas,Anhui,20,False,False,True,9.76,1.7,0,0.65,0.02,0.2,310.0,0,0.0,False
Anhui-Hydro_Nonpumped-2022,existing.1-4,Water,Anhui,100,False,False,False,.,0.0,0,0.09,0.05,0.0,6220.0,0,0.0,False
Anhui-PV-2022,existing.1-6,Solar,Anhui,20,True,False,False,.,0.0,0,0.0,0.02,0.0,10900.0,0,0.0,True
Anhui-Wind-2022,existing.1-7,Wind,Anhui,30,True,False,False,.,2.8,0,0.02,0.02,0.0,5900.0,0,0.0,False
Beijing-Central_PV-2022,existing.2-1,Solar,Beijing,20,True,False,False,.,0.0,0,0.0,0.02,0.0,50.0,0,0.0,False
Beijing-Coal-2022,existing.2-2,Coal,Beijing,35,False,False,True,7.93,3.0,0,0.34,0.05,0.42,770.0,0,0.0,False
Beijing-Gas-2022,existing.2-3,Gas,Beijing,20,False,False,True,9.76,1.7,0,0.65,0.02,0.2,10010.0,0,0.0,False
Beijing-Hydro_Nonpumped-2022,existing.2-4,Water,Beijing,100,False,False,False,.,0.0,0,0.09,0.05,0.0,1020.0,0,0.0,False
Beijing-PV-2022,existing.2-6,Solar,Beijing,20,True,False,False,.,0.0,0,0.0,0.02,0.0,900.0,0,0.0,True
Beijing-Wind-2022,existing.2-7,Wind,Beijing,30,True,False,False,.,2.8,0,0.02,0.02,0.0,240.0,0,0.0,False
Chongqing-Central_PV-2022,existing.3-1,Solar,Chongqing,20,True,False,False,.,0.0,0,0.0,0.02,0.0,540.0,0,0.0,False
Chongqing-Coal-2022,existing.3-2,Coal,Chongqing,35,False,False,True,7.93,3.0,0,0.34,0.05,0.42,13930.0,0,0.0,False
Chongqing-Gas-2022,existing.3-3,Gas,Chongqing,20,False,False,True,9.76,1.7,0,0.65,0.02,0.2,1410.0,0,0.0,False
Chongqing-Hydro_Nonpumped-2022,existing.3-4,Water,Chongqing,100,False,False,False,.,0.0,0,0.09,0.05,0.0,7910.0,0,0.0,False
Chongqing-PV-2022,existing.3-6,Solar,Chongqing,20,True,False,False,.,0.0,0,0.0,0.02,0.0,150.0,0,0.0,True
Chongqing-Wind-2022,existing.3-7,Wind,Chongqing,30,True,False,False,.,2.8,0,0.02,0.02,0.0,1820.0,0,0.0,False
East_Inner_Mongolia-Central_PV-2022,existing.4-1,Solar,East_Inner_Mongolia,20,True,False,False,.,0.0,0,0.0,0.02,0.0,7150.0,0,0.0,False
East_Inner_Mongolia-Coal-2022,existing.4-2,Coal,East_Inner_Mongolia,35,False,False,True,7.93,3.0,0,0.34,0.05,0.42,51025.0,0,0.0,False
East_Inner_Mongolia-Gas-2022,existing.4-3,Gas,East_Inner_Mongolia,20,False,False,True,9.76,1.7,0,0.65,0.02,0.2,210.0,0,0.0,False
East_Inner_Mongolia-Hydro_Nonpumped-2022,existing.4-4,Water,East_Inner_Mongolia,100,False,False,False,.,0.0,0,0.09,0.05,0.0,1205.0,0,0.0,False
East_Inner_Mongolia-PV-2022,existing.4-6,Solar,East_Inner_Mongolia,20,True,False,False,.,0.0,0,0.0,0.02,0.0,605.0,0,0.0,True
East_Inner_Mongolia-Wind-2022,existing.4-7,Wind,East_Inner_Mongolia,30,True,False,False,.,2.8,0,0.02,0.02,0.0,22740.0,0,0.0,False
Fujian-Central_PV-2022,existing.5-1,Solar,Fujian,20,True,False,False,.,0.0,0,0.0,0.02,0.0,390.0,0,0.0,False
Fujian-Coal-2022,existing.5-2,Coal,Fujian,35,False,False,True,7.93,3.0,0,0.34,0.05,0.42,29900.0,0,0.0,False
Fujian-Gas-2022,existing.5-3,Gas,Fujian,20,False,False,True,9.76,1.7,0,0.65,0.02,0.2,3930.0,0,0.0,False
Fujian-Hydro_Nonpumped-2022,existing.5-4,Water,Fujian,100,False,False,False,.,0.0,0,0.09,0.05,0.0,15380.0,0,0.0,False
Fujian-Nuclear-2022,existing.5-5,Uranium,Fujian,40,False,True,False,10.4,3.0,0,0.11,0.03,0.5,11010.0,0,0.0,False
Fujian-PV-2022,existing.5-6,Solar,Fujian,20,True,False,False,.,0.0,0,0.0,0.02,0.0,4260.0,0,0.0,True
Fujian-Wind-2022,existing.5-7,Wind,Fujian,30,True,False,False,.,2.8,0,0.02,0.02,0.0,7420.0,0,0.0,False
Gansu-Central_PV-2022,existing.6-1,Solar,Gansu,20,True,False,False,.,0.0,0,0.0,0.02,0.0,13110.0,0,0.0,False
Gansu-Coal-2022,existing.6-2,Coal,Gansu,35,False,False,True,7.93,3.0,0,0.34,0.05,0.42,22590.0,0,0.0,False
Gansu-Hydro_Nonpumped-2022,existing.6-4,Water,Gansu,100,False,False,False,.,0.0,0,0.09,0.05,0.0,9720.0,0,0.0,False
Gansu-PV-2022,existing.6-6,Solar,Gansu,20,True,False,False,.,0.0,0,0.0,0.02,0.0,860.0,0,0.0,True
Gansu-Wind-2022,existing.6-7,Wind,Gansu,30,True,False,False,.,2.8,0,0.02,0.02,0.0,20730.0,0,0.0,False
Guangdong-Central_PV-2022,existing.7-1,Solar,Guangdong,20,True,False,False,.,0.0,0,0.0,0.02,0.0,7530.0,0,0.0,False
Guangdong-Coal-2022,existing.7-2,Coal,Guangdong,35,False,False,True,7.93,3.0,0,0.34,0.05,0.42,68950.0,0,0.0,False
Guangdong-Gas-2022,existing.7-3,Gas,Guangdong,20,False,False,True,9.76,1.7,0,0.65,0.02,0.2,34550.0,0,0.0,False
Guangdong-Hydro_Nonpumped-2022,existing.7-4,Water,Guangdong,100,False,False,False,.,0.0,0,0.09,0.05,0.0,19060.0,0,0.0,False
Guangdong-Nuclear-2022,existing.7-5,Uranium,Guangdong,40,False,True,False,10.4,3.0,0,0.11,0.03,0.5,16140.0,0,0.0,False
Guangdong-PV-2022,existing.7-6,Solar,Guangdong,20,True,False,False,.,0.0,0,0.0,0.02,0.0,8370.0,0,0.0,True
Guangdong-Wind-2022,existing.7-7,Wind,Guangdong,30,True,False,False,.,2.8,0,0.02,0.02,0.0,13570.0,0,0.0,False
Guangxi-Central_PV-2022,existing.8-1,Solar,Guangxi,20,True,False,False,.,0.0,0,0.0,0.02,0.0,4370.0,0,0.0,False
Guangxi-Coal-2022,existing.8-2,Coal,Guangxi,35,False,False,True,7.93,3.0,0,0.34,0.05,0.42,22070.0,0,0.0,False
Guangxi-Gas-2022,existing.8-3,Gas,Guangxi,20,False,False,True,9.76,1.7,0,0.65,0.02,0.2,540.0,0,0.0,False
Guangxi-Hydro_Nonpumped-2022,existing.8-4,Water,Guangxi,100,False,False,False,.,0.0,0,0.09,0.05,0.0,18130.0,0,0.0,False
Guangxi-Nuclear-2022,existing.8-5,Uranium,Guangxi,40,False,True,False,10.4,3.0,0,0.11,0.03,0.5,3360.0,0,0.0,False
Guangxi-PV-2022,existing.8-6,Solar,Guangxi,20,True,False,False,.,0.0,0,0.0,0.02,0.0,830.0,0,0.0,True
Guangxi-Wind-2022,existing.8-7,Wind,Guangxi,30,True,False,False,.,2.8,0,0.02,0.02,0.0,9460.0,0,0.0,False
Guizhou-Central_PV-2022,existing.9-1,Solar,Guizhou,20,True,False,False,.,0.0,0,0.0,0.02,0.0,13970.0,0,0.0,False
Guizhou-Coal-2022,existing.9-2,Coal,Guizhou,35,False,False,True,7.93,3.0,0,0.34,0.05,0.42,33650.0,0,0.0,False
Guizhou-Gas-2022,existing.9-3,Gas,Guizhou,20,False,False,True,9.76,1.7,0,0.65,0.02,0.2,710.0,0,0.0,False
Guizhou-Hydro_Nonpumped-2022,existing.9-4,Water,Guizhou,100,False,False,False,.,0.0,0,0.09,0.05,0.0,22820.0,0,0.0,False
Guizhou-PV-2022,existing.9-6,Solar,Guizhou,20,True,False,False,.,0.0,0,0.0,0.02,0.0,240.0,0,0.0,True
Guizhou-Wind-2022,existing.9-7,Wind,Guizhou,30,True,False,False,.,2.8,0,0.02,0.02,0.0,5920.0,0,0.0,False
Hainan-Central_PV-2022,existing.10-1,Solar,Hainan,20,True,False,False,.,0.0,0,0.0,0.02,0.0,2000.0,0,0.0,False
Hainan-Coal-2022,existing.10-2,Coal,Hainan,35,False,False,True,7.93,3.0,0,0.34,0.05,0.42,3240.0,0,0.0,False
Hainan-Gas-2022,existing.10-3,Gas,Hainan,20,False,False,True,9.76,1.7,0,0.65,0.02,0.2,3570.0,0,0.0,False
Hainan-Hydro_Nonpumped-2022,existing.10-4,Water,Hainan,100,False,False,False,.,0.0,0,0.09,0.05,0.0,1530.0,0,0.0,False
Hainan-Nuclear-2022,existing.10-5,Uranium,Hainan,40,False,True,False,10.4,3.0,0,0.11,0.03,0.5,1300.0,0,0.0,False
Hainan-PV-2022,existing.10-6,Solar,Hainan,20,True,False,False,.,0.0,0,0.0,0.02,0.0,460.0,0,0.0,True
Hainan-Wind-2022,existing.10-7,Wind,Hainan,30,True,False,False,.,2.8,0,0.02,0.02,0.0,290.0,0,0.0,False
Hebei-Central_PV-2022,existing.11-1,Solar,Hebei,20,True,False,False,.,0.0,0,0.0,0.02,0.0,19940.0,0,0.0,False
Hebei-Coal-2022,existing.11-2,Coal,Hebei,35,False,False,True,7.93,3.0,0,0.34,0.05,0.42,48350.0,0,0.0,False
Hebei-Gas-2022,existing.11-3,Gas,Hebei,20,False,False,True,9.76,1.7,0,0.65,0.02,0.2,940.0,0,0.0,False
Hebei-Hydro_Nonpumped-2022,existing.11-4,Water,Hebei,100,False,False,False,.,0.0,0,0.09,0.05,0.0,3930.0,0,0.0,False
Hebei-PV-2022,existing.11-6,Solar,Hebei,20,True,False,False,.,0.0,0,0.0,0.02,0.0,18610.0,0,0.0,True
Hebei-Wind-2022,existing.11-7,Wind,Hebei,30,True,False,False,.,2.8,0,0.02,0.02,0.0,27970.0,0,0.0,False
Heilongjiang-Central_PV-2022,existing.12-1,Solar,Heilongjiang,20,True,False,False,.,0.0,0,0.0,0.02,0.0,3670.0,0,0.0,False
Heilongjiang-Coal-2022,existing.12-2,Coal,Heilongjiang,35,False,False,True,7.93,3.0,0,0.34,0.05,0.42,22050.0,0,0.0,False
Heilongjiang-Gas-2022,existing.12-3,Gas,Heilongjiang,20,False,False,True,9.76,1.7,0,0.65,0.02,0.2,150.0,0,0.0,False
Heilongjiang-Hydro_Nonpumped-2022,existing.12-4,Water,Heilongjiang,100,False,False,False,.,0.0,0,0.09,0.05,0.0,2300.0,0,0.0,False
Heilongjiang-PV-2022,existing.12-6,Solar,Heilongjiang,20,True,False,False,.,0.0,0,0.0,0.02,0.0,1080.0,0,0.0,True
Heilongjiang-Wind-2022,existing.12-7,Wind,Heilongjiang,30,True,False,False,.,2.8,0,0.02,0.02,0.0,9430.0,0,0.0,False
Henan-Central_PV-2022,existing.13-1,Solar,Henan,20,True,False,False,.,0.0,0,0.0,0.02,0.0,6290.0,0,0.0,False
Henan-Coal-2022,existing.13-2,Coal,Henan,35,False,False,True,7.93,3.0,0,0.34,0.05,0.42,65490.0,0,0.0,False
Henan-Gas-2022,existing.13-3,Gas,Henan,20,False,False,True,9.76,1.7,0,0.65,0.02,0.2,3400.0,0,0.0,False
Henan-Hydro_Nonpumped-2022,existing.13-4,Water,Henan,100,False,False,False,.,0.0,0,0.09,0.05,0.0,4390.0,0,0.0,False
Henan-PV-2022,existing.13-6,Solar,Henan,20,True,False,False,.,0.0,0,0.0,0.02,0.0,17040.0,0,0.0,True
Henan-Wind-2022,existing.13-7,Wind,Henan,30,True,False,False,.,2.8,0,0.02,0.02,0.0,19030.0,0,0.0,False
Hubei-Central_PV-2022,existing.14-1,Solar,Hubei,20,True,False,False,.,0.0,0,0.0,0.02,0.0,9760.0,0,0.0,False
Hubei-Coal-2022,existing.14-2,Coal,Hubei,35,False,False,True,7.93,3.0,0,0.34,0.05,0.42,30220.0,0,0.0,False
Hubei-Gas-2022,existing.14-3,Gas,Hubei,20,False,False,True,9.76,1.7,0,0.65,0.02,0.2,1370.0,0,0.0,False
Hubei-Hydro_Nonpumped-2022,existing.14-4,Water,Hubei,100,False,False,False,.,0.0,0,0.09,0.05,0.0,37800.0,0,0.0,False
Hubei-PV-2022,existing.14-6,Solar,Hubei,20,True,False,False,.,0.0,0,0.0,0.02,0.0,3400.0,0,0.0,True
Hubei-Wind-2022,existing.14-7,Wind,Hubei,30,True,False,False,.,2.8,0,0.02,0.02,0.0,7780.0,0,0.0,False
Hunan-Central_PV-2022,existing.15-1,Solar,Hunan,20,True,False,False,.,0.0,0,0.0,0.02,0.0,2860.0,0,0.0,False
Hunan-Coal-2022,existing.15-2,Coal,Hunan,35,False,False,True,7.93,3.0,0,0.34,0.05,0.42,22830.0,0,0.0,False
Hunan-Gas-2022,existing.15-3,Gas,Hunan,20,False,False,True,9.76,1.7,0,0.65,0.02,0.2,100.0,0,0.0,False
Hunan-Hydro_Nonpumped-2022,existing.15-4,Water,Hunan,100,False,False,False,.,0.0,0,0.09,0.05,0.0,15870.0,0,0.0,False
Hunan-PV-2022,existing.15-6,Solar,Hunan,20,True,False,False,.,0.0,0,0.0,0.02,0.0,3500.0,0,0.0,True
Hunan-Wind-2022,existing.15-7,Wind,Hunan,30,True,False,False,.,2.8,0,0.02,0.02,0.0,9000.0,0,0.0,False
Jiangsu-Central_PV-2022,existing.16-1,Solar,Jiangsu,20,True,False,False,.,0.0,0,0.0,0.02,0.0,9530.0,0,0.0,False
Jiangsu-Coal-2022,existing.16-2,Coal,Jiangsu,35,False,False,True,7.93,3.0,0,0.34,0.05,0.42,78920.0,0,0.0,False
Jiangsu-Gas-2022,existing.16-3,Gas,Jiangsu,20,False,False,True,9.76,1.7,0,0.65,0.02,0.2,19740.0,0,0.0,False
Jiangsu-Hydro_Nonpumped-2022,existing.16-4,Water,Jiangsu,100,False,False,False,.,0.0,0,0.09,0.05,0.0,2650.0,0,0.0,False
Jiangsu-Nuclear-2022,existing.16-5,Uranium,Jiangsu,40,False,True,False,10.4,3.0,0,0.11,0.03,0.5,6610.0,0,0.0,False
Jiangsu-PV-2022,existing.16-6,Solar,Jiangsu,20,True,False,False,.,0.0,0,0.0,0.02,0.0,15550.0,0,0.0,True
Jiangsu-Wind-2022,existing.16-7,Wind,Jiangsu,30,True,False,False,.,2.8,0,0.02,0.02,0.0,22540.0,0,0.0,False
Jiangxi-Central_PV-2022,existing.17-1,Solar,Jiangxi,20,True,False,False,.,0.0,0,0.0,0.02,0.0,6950.0,0,0.0,False
Jiangxi-Coal-2022,existing.17-2,Coal,Jiangxi,35,False,False,True,7.93,3.0,0,0.34,0.05,0.42,25490.0,0,0.0,False
Jiangxi-Gas-2022,existing.17-3,Gas,Jiangxi,20,False,False,True,9.76,1.7,0,0.65,0.02,0.2,150.0,0,0.0,False
Jiangxi-Hydro_Nonpumped-2022,existing.17-4,Water,Jiangxi,100,False,False,False,.,0.0,0,0.09,0.05,0.0,6860.0,0,0.0,False
Jiangxi-PV-2022,existing.17-6,Solar,Jiangxi,20,True,False,False,.,0.0,0,0.0,0.02,0.0,5070.0,0,0.0,True
Jiangxi-Wind-2022,existing.17-7,Wind,Jiangxi,30,True,False,False,.,2.8,0,0.02,0.02,0.0,5550.0,0,0.0,False
Jilin-Central_PV-2022,existing.18-1,Solar,Jilin,20,True,False,False,.,0.0,0,0.0,0.02,0.0,2950.0,0,0.0,False
Jilin-Coal-2022,existing.18-2,Coal,Jilin,35,False,False,True,7.93,3.0,0,0.34,0.05,0.42,17050.0,0,0.0,False
Jilin-Gas-2022,existing.18-3,Gas,Jilin,20,False,False,True,9.76,1.7,0,0.65,0.02,0.2,20.0,0,0.0,False
Jilin-Hydro_Nonpumped-2022,existing.18-4,Water,Jilin,100,False,False,False,.,0.0,0,0.09,0.05,0.0,6460.0,0,0.0,False
Jilin-PV-2022,existing.18-6,Solar,Jilin,20,True,False,False,.,0.0,0,0.0,0.02,0.0,920.0,0,0.0,True
Jilin-Wind-2022,existing.18-7,Wind,Jilin,30,True,False,False,.,2.8,0,0.02,0.02,0.0,11430.0,0,0.0,False
Liaoning-Central_PV-2022,existing.19-1,Solar,Liaoning,20,True,False,False,.,0.0,0,0.0,0.02,0.0,3810.0,0,0.0,False
Liaoning-Coal-2022,existing.19-2,Coal,Liaoning,35,False,False,True,7.93,3.0,0,0.34,0.05,0.42,35130.0,0,0.0,False
Liaoning-Gas-2022,existing.19-3,Gas,Liaoning,20,False,False,True,9.76,1.7,0,0.65,0.02,0.2,30.0,0,0.0,False
Liaoning-Hydro_Nonpumped-2022,existing.19-4,Water,Liaoning,100,False,False,False,.,0.0,0,0.09,0.05,0.0,3050.0,0,0.0,False
Liaoning-Nuclear-2022,existing.19-5,Uranium,Liaoning,40,False,True,False,10.4,3.0,0,0.11,0.03,0.5,6680.0,0,0.0,False
Liaoning-PV-2022,existing.19-6,Solar,Liaoning,20,True,False,False,.,0.0,0,0.0,0.02,0.0,2190.0,0,0.0,True
Liaoning-Wind-2022,existing.19-7,Wind,Liaoning,30,True,False,False,.,2.8,0,0.02,0.02,0.0,11730.0,0,0.0,False
Ningxia-Central_PV-2022,existing.20-1,Solar,Ningxia,20,True,False,False,.,0.0,0,0.0,0.02,0.0,14920.0,0,0.0,False
Ningxia-Coal-2022,existing.20-2,Coal,Ningxia,35,False,False,True,7.93,3.0,0,0.34,0.05,0.42,30700.0,0,0.0,False
Ningxia-Gas-2022,existing.20-3,Gas,Ningxia,20,False,False,True,9.76,1.7,0,0.65,0.02,0.2,530.0,0,0.0,False
Ningxia-Hydro_Nonpumped-2022,existing.20-4,Water,Ningxia,100,False,False,False,.,0.0,0,0.09,0.05,0.0,430.0,0,0.0,False
Ningxia-PV-2022,existing.20-6,Solar,Ningxia,20,True,False,False,.,0.0,0,0.0,0.02,0.0,920.0,0,0.0,True
Ningxia-Wind-2022,existing.20-7,Wind,Ningxia,30,True,False,False,.,2.8,0,0.02,0.02,0.0,14570.0,0,0.0,False
Qinghai-Central_PV-2022,existing.21-1,Solar,Qinghai,20,True,False,False,.,0.0,0,0.0,0.02,0.0,18060.0,0,0.0,False
Qinghai-Coal-2022,existing.21-2,Coal,Qinghai,35,False,False,True,7.93,3.0,0,0.34,0.05,0.42,3710.0,0,0.0,False
Qinghai-Gas-2022,existing.21-3,Gas,Qinghai,20,False,False,True,9.76,1.7,0,0.65,0.02,0.2,10.0,0,0.0,False
Qinghai-Hydro_Nonpumped-2022,existing.21-4,Water,Qinghai,100,False,False,False,.,0.0,0,0.09,0.05,0.0,12610.0,0,0.0,False
Qinghai-PV-2022,existing.21-6,Solar,Qinghai,20,True,False,False,.,0.0,0,0.0,0.02,0.0,160.0,0,0.0,True
Qinghai-Wind-2022,existing.21-7,Wind,Qinghai,30,True,False,False,.,2.8,0,0.02,0.02,0.0,9720.0,0,0.0,False
Shaanxi-Central_PV-2022,existing.22-1,Solar,Shaanxi,20,True,False,False,.,0.0,0,0.0,0.02,0.0,11940.0,0,0.0,False
Shaanxi-Coal-2022,existing.22-2,Coal,Shaanxi,35,False,False,True,7.93,3.0,0,0.34,0.05,0.42,46990.0,0,0.0,False
Shaanxi-Gas-2022,existing.22-3,Gas,Shaanxi,20,False,False,True,9.76,1.7,0,0.65,0.02,0.2,270.0,0,0.0,False
Shaanxi-Hydro_Nonpumped-2022,existing.22-4,Water,Shaanxi,100,False,False,False,.,0.0,0,0.09,0.05,0.0,3500.0,0,0.0,False
Shaanxi-PV-2022,existing.22-6,Solar,Shaanxi,20,True,False,False,.,0.0,0,0.0,0.02,0.0,3230.0,0,0.0,True
Shaanxi-Wind-2022,existing.22-7,Wind,Shaanxi,30,True,False,False,.,2.8,0,0.02,0.02,0.0,11640.0,0,0.0,False
Shandong-Central_PV-2022,existing.23-1,Solar,Shandong,20,True,False,False,.,0.0,0,0.0,0.02,0.0,12500.0,0,0.0,False
Shandong-Coal-2022,existing.23-2,Coal,Shandong,35,False,False,True,7.93,3.0,0,0.34,0.05,0.42,106970.0,0,0.0,False
Shandong-Gas-2022,existing.23-3,Gas,Shandong,20,False,False,True,9.76,1.7,0,0.65,0.02,0.2,170.0,0,0.0,False
Shandong-Hydro_Nonpumped-2022,existing.23-4,Water,Shandong,100,False,False,False,.,0.0,0,0.09,0.05,0.0,2280.0,0,0.0,False
Shandong-Nuclear-2022,existing.23-5,Uranium,Shandong,40,False,True,False,10.4,3.0,0,0.11,0.03,0.5,2500.0,0,0.0,False
Shandong-PV-2022,existing.23-6,Solar,Shandong,20,True,False,False,.,0.0,0,0.0,0.02,0.0,30200.0,0,0.0,True
Shandong-Wind-2022,existing.23-7,Wind,Shandong,30,True,False,False,.,2.8,0,0.02,0.02,0.0,23020.0,0,0.0,False
Shanghai-Central_PV-2022,existing.24-1,Solar,Shanghai,20,True,False,False,.,0.0,0,0.0,0.02,0.0,240.0,0,0.0,False
Shanghai-Coal-2022,existing.24-2,Coal,Shanghai,35,False,False,True,7.93,3.0,0,0.34,0.05,0.42,14990.0,0,0.0,False
Shanghai-Gas-2022,existing.24-3,Gas,Shanghai,20,False,False,True,9.76,1.7,0,0.65,0.02,0.2,8150.0,0,0.0,False
Shanghai-PV-2022,existing.24-6,Solar,Shanghai,20,True,False,False,.,0.0,0,0.0,0.02,0.0,1710.0,0,0.0,True
Shanghai-Wind-2022,existing.24-7,Wind,Shanghai,30,True,False,False,.,2.8,0,0.02,0.02,0.0,1070.0,0,0.0,False
Shanxi-Central_PV-2022,existing.25-1,Solar,Shanxi,20,True,False,False,.,0.0,0,0.0,0.02,0.0,12570.0,0,0.0,False
Shanxi-Coal-2022,existing.25-2,Coal,Shanxi,35,False,False,True,7.93,3.0,0,0.34,0.05,0.42,71040.0,0,0.0,False
Shanxi-Gas-2022,existing.25-3,Gas,Shanxi,20,False,False,True,9.76,1.7,0,0.65,0.02,0.2,3550.0,0,0.0,False
Shanxi-Hydro_Nonpumped-2022,existing.25-4,Water,Shanxi,100,False,False,False,.,0.0,0,0.09,0.05,0.0,2240.0,0,0.0,False
Shanxi-PV-2022,existing.25-6,Solar,Shanxi,20,True,False,False,.,0.0,0,0.0,0.02,0.0,4390.0,0,0.0,True
Shanxi-Wind-2022,existing.25-7,Wind,Shanxi,30,True,False,False,.,2.8,0,0.02,0.02,0.0,23080.0,0,0.0,False
Sichuan-Central_PV-2022,existing.26-1,Solar,Sichuan,20,True,False,False,.,0.0,0,0.0,0.02,0.0,1730.0,0,0.0,False
Sichuan-Coal-2022,existing.26-2,Coal,Sichuan,35,False,False,True,7.93,3.0,0,0.34,0.05,0.42,13780.0,0,0.0,False
Sichuan-Gas-2022,existing.26-3,Gas,Sichuan,20,False,False,True,9.76,1.7,0,0.65,0.02,0.2,1450.0,0,0.0,False
Sichuan-Hydro_Nonpumped-2022,existing.26-4,Water,Sichuan,100,False,False,False,.,0.0,0,0.09,0.05,0.0,97490.0,0,0.0,False
Sichuan-PV-2022,existing.26-6,Solar,Sichuan,20,True,False,False,.,0.0,0,0.0,0.02,0.0,330.0,0,0.0,True
Sichuan-Wind-2022,existing.26-7,Wind,Sichuan,30,True,False,False,.,2.8,0,0.02,0.02,0.0,5980.0,0,0.0,False
Tianjin-Central_PV-2022,existing.27-1,Solar,Tianjin,20,True,False,False,.,0.0,0,0.0,0.02,0.0,1220.0,0,0.0,False
Tianjin-Coal-2022,existing.27-2,Coal,Tianjin,35,False,False,True,7.93,3.0,0,0.34,0.05,0.42,12380.0,0,0.0,False
Tianjin-Gas-2022,existing.27-3,Gas,Tianjin,20,False,False,True,9.76,1.7,0,0.65,0.02,0.2,5610.0,0,0.0,False
Tianjin-Hydro_Nonpumped-2022,existing.27-4,Water,Tianjin,100,False,False,False,.,0.0,0,0.09,0.05,0.0,10.0,0,0.0,False
Tianjin-PV-2022,existing.27-6,Solar,Tianjin,20,True,False,False,.,0.0,0,0.0,0.02,0.0,990.0,0,0.0,True
Tianjin-Wind-2022,existing.27-7,Wind,Tianjin,30,True,False,False,.,2.8,0,0.02,0.02,0.0,1450.0,0,0.0,False
Tibet-Central_PV-2022,existing.28-1,Solar,Tibet,20,True,False,False,.,0.0,0,0.0,0.02,0.0,1760.0,0,0.0,False
Tibet-Hydro_Nonpumped-2022,existing.28-4,Water,Tibet,100,False,False,False,.,0.0,0,0.09,0.05,0.0,2920.0,0,0.0,False
Tibet-PV-2022,existing.28-6,Solar,Tibet,20,True,False,False,.,0.0,0,0.0,0.02,0.0,20.0,0,0.0,True
Tibet-Wind-2022,existing.28-7,Wind,Tibet,30,True,False,False,.,2.8,0,0.02,0.02,0.0,30.0,0,0.0,False
West_Inner_Mongolia-Central_PV-2022,existing.29-1,Solar,West_Inner_Mongolia,20,True,False,False,.,0.0,0,0.0,0.02,0.0,14300.0,0,0.0,False
West_Inner_Mongolia-Coal-2022,existing.29-2,Coal,West_Inner_Mongolia,35,False,False,True,7.93,3.0,0,0.34,0.05,0.42,102050.0,0,0.0,False
West_Inner_Mongolia-Gas-2022,existing.29-3,Gas,West_Inner_Mongolia,20,False,False,True,9.76,1.7,0,0.65,0.02,0.2,420.0,0,0.0,False
West_Inner_Mongolia-Hydro_Nonpumped-2022,existing.29-4,Water,West_Inner_Mongolia,100,False,False,False,.,0.0,0,0.09,0.05,0.0,2410.0,0,0.0,False
West_Inner_Mongolia-PV-2022,existing.29-6,Solar,West_Inner_Mongolia,20,True,False,False,.,0.0,0,0.0,0.02,0.0,1210.0,0,0.0,True
West_Inner_Mongolia-Wind-2022,existing.29-7,Wind,West_Inner_Mongolia,30,True,False,False,.,2.8,0,0.02,0.02,0.0,45480.0,0,0.0,False
Xinjiang-Central_PV-2022,existing.30-1,Solar,Xinjiang,20,True,False,False,.,0.0,0,0.0,0.02,0.0,15460.0,0,0.0,False
Xinjiang-Coal-2022,existing.30-2,Coal,Xinjiang,35,False,False,True,7.93,3.0,0,0.34,0.05,0.42,66310.0,0,0.0,False
Xinjiang-Gas-2022,existing.30-3,Gas,Xinjiang,20,False,False,True,9.76,1.7,0,0.65,0.02,0.2,1260.0,0,0.0,False
Xinjiang-Hydro_Nonpumped-2022,existing.30-4,Water,Xinjiang,100,False,False,False,.,0.0,0,0.09,0.05,0.0,9570.0,0,0.0,False
Xinjiang-PV-2022,existing.30-6,Solar,Xinjiang,20,True,False,False,.,0.0,0,0.0,0.02,0.0,270.0,0,0.0,True
Xinjiang-Wind-2022,existing.30-7,Wind,Xinjiang,30,True,False,False,.,2.8,0,0.02,0.02,0.0,26140.0,0,0.0,False
Yunnan-Central_PV-2022,existing.31-1,Solar,Yunnan,20,True,False,False,.,0.0,0,0.0,0.02,0.0,5250.0,0,0.0,False
Yunnan-Coal-2022,existing.31-2,Coal,Yunnan,35,False,False,True,7.93,3.0,0,0.34,0.05,0.42,12980.0,0,0.0,False
Yunnan-Gas-2022,existing.31-3,Gas,Yunnan,20,False,False,True,9.76,1.7,0,0.65,0.02,0.2,30.0,0,0.0,False
Yunnan-Hydro_Nonpumped-2022,existing.31-4,Water,Yunnan,100,False,False,False,.,0.0,0,0.09,0.05,0.0,81120.0,0,0.0,False
Yunnan-PV-2022,existing.31-6,Solar,Yunnan,20,True,False,False,.,0.0,0,0.0,0.02,0.0,600.0,0,0.0,True
Yunnan-Wind-2022,existing.31-7,Wind,Yunnan,30,True,False,False,.,2.8,0,0.02,0.02,0.0,9120.0,0,0.0,False
Zhejiang-Central_PV-2022,existing.32-1,Solar,Zhejiang,20,True,False,False,.,0.0,0,0.0,0.02,0.0,6130.0,0,0.0,False
Zhejiang-Coal-2022,existing.32-2,Coal,Zhejiang,35,False,False,True,7.93,3.0,0,0.34,0.05,0.42,48040.0,0,0.0,False
Zhejiang-Gas-2022,existing.32-3,Gas,Zhejiang,20,False,False,True,9.76,1.7,0,0.65,0.02,0.2,13280.0,0,0.0,False
Zhejiang-Hydro_Nonpumped-2022,existing.32-4,Water,Zhejiang,100,False,False,False,.,0.0,0,0.09,0.05,0.0,13840.0,0,0.0,False
Zhejiang-Nuclear-2022,existing.32-5,Uranium,Zhejiang,40,False,True,False,10.4,3.0,0,0.11,0.03,0.5,9130.0,0,0.0,False
Zhejiang-PV-2022,existing.32-6,Solar,Zhejiang,20,True,False,False,.,0.0,0,0.0,0.02,0.0,19260.0,0,0.0,True
Zhejiang-Wind-2022,existing.32-7,Wind,Zhejiang,30,True,False,False,.,2.8,0,0.02,0.02,0.0,4230.0,0,0.0,False
Anhui-Central_PV-2023,new.1-1,Solar,Anhui,20,True,False,False,.,0.0,0,0.0,0.02,0.0,.,0,0.0,False
Anhui-Coal-2023,new.1-2,Coal,Anhui,35,False,False,True,7.93,5.0,0,0.34,0.05,0.42,.,0,0.0,False
Anhui-Gas-2023,new.1-3,Gas,Anhui,20,False,False,True,9.76,2.0,0,0.65,0.02,0.2,.,0,0.0,False
Anhui-Nuclear-2023,new.1-5,Uranium,Anhui,40,False,True,False,10.4,0.5,0,0.11,0.03,0.5,.,0,0.0,False
Anhui-PV-2023,new.1-6,Solar,Anhui,20,True,False,False,.,0.0,0,0.0,0.02,0.0,.,0,0.0,True
Anhui-Wind-2023,new.1-7,Wind,Anhui,30,True,False,False,.,0.0,0,0.02,0.02,0.0,.,0,0.0,False
Beijing-Central_PV-2023,new.2-1,Solar,Beijing,20,True,False,False,.,0.0,0,0.0,0.02,0.0,.,0,0.0,False
Beijing-Coal-2023,new.2-2,Coal,Beijing,35,False,False,True,7.93,5.0,0,0.34,0.05,0.42,.,0,0.0,False
Beijing-Gas-2023,new.2-3,Gas,Beijing,20,False,False,True,9.76,2.0,0,0.65,0.02,0.2,.,0,0.0,False
Beijing-Nuclear-2023,new.2-5,Uranium,Beijing,40,False,True,False,10.4,0.5,0,0.11,0.03,0.5,.,0,0.0,False
Beijing-PV-2023,new.2-6,Solar,Beijing,20,True,False,False,.,0.0,0,0.0,0.02,0.0,.,0,0.0,True
Beijing-Wind-2023,new.2-7,Wind,Beijing,30,True,False,False,.,0.0,0,0.02,0.02,0.0,.,0,0.0,False
Chongqing-Central_PV-2023,new.3-1,Solar,Chongqing,20,True,False,False,.,0.0,0,0.0,0.02,0.0,.,0,0.0,False
Chongqing-Coal-2023,new.3-2,Coal,Chongqing,35,False,False,True,7.93,5.0,0,0.34,0.05,0.42,.,0,0.0,False
Chongqing-Gas-2023,new.3-3,Gas,Chongqing,20,False,False,True,9.76,2.0,0,0.65,0.02,0.2,.,0,0.0,False
Chongqing-Nuclear-2023,new.3-5,Uranium,Chongqing,40,False,True,False,10.4,0.5,0,0.11,0.03,0.5,.,0,0.0,False
Chongqing-PV-2023,new.3-6,Solar,Chongqing,20,True,False,False,.,0.0,0,0.0,0.02,0.0,.,0,0.0,True
Chongqing-Wind-2023,new.3-7,Wind,Chongqing,30,True,False,False,.,0.0,0,0.02,0.02,0.0,.,0,0.0,False
East_Inner_Mongolia-Central_PV-2023,new.4-1,Solar,East_Inner_Mongolia,20,True,False,False,.,0.0,0,0.0,0.02,0.0,.,0,0.0,False
East_Inner_Mongolia-Coal-2023,new.4-2,Coal,East_Inner_Mongolia,35,False,False,True,7.93,5.0,0,0.34,0.05,0.42,.,0,0.0,False
East_Inner_Mongolia-Gas-2023,new.4-3,Gas,East_Inner_Mongolia,20,False,False,True,9.76,2.0,0,0.65,0.02,0.2,.,0,0.0,False
East_Inner_Mongolia-Nuclear-2023,new.4-5,Uranium,East_Inner_Mongolia,40,False,True,False,10.4,0.5,0,0.11,0.03,0.5,.,0,0.0,False
East_Inner_Mongolia-PV-2023,new.4-6,Solar,East_Inner_Mongolia,20,True,False,False,.,0.0,0,0.0,0.02,0.0,.,0,0.0,True
East_Inner_Mongolia-Wind-2023,new.4-7,Wind,East_Inner_Mongolia,30,True,False,False,.,0.0,0,0.02,0.02,0.0,.,0,0.0,False
Fujian-Central_PV-2023,new.5-1,Solar,Fujian,20,True,False,False,.,0.0,0,0.0,0.02,0.0,.,0,0.0,False
Fujian-Coal-2023,new.5-2,Coal,Fujian,35,False,False,True,7.93,5.0,0,0.34,0.05,0.42,.,0,0.0,False
Fujian-Gas-2023,new.5-3,Gas,Fujian,20,False,False,True,9.76,2.0,0,0.65,0.02,0.2,.,0,0.0,False
Fujian-Nuclear-2023,new.5-5,Uranium,Fujian,40,False,True,False,10.4,0.5,0,0.11,0.03,0.5,.,0,0.0,False
Fujian-PV-2023,new.5-6,Solar,Fujian,20,True,False,False,.,0.0,0,0.0,0.02,0.0,.,0,0.0,True
Fujian-Wind-2023,new.5-7,Wind,Fujian,30,True,False,False,.,0.0,0,0.02,0.02,0.0,.,0,0.0,False
Gansu-Central_PV-2023,new.6-1,Solar,Gansu,20,True,False,False,.,0.0,0,0.0,0.02,0.0,.,0,0.0,False
Gansu-Coal-2023,new.6-2,Coal,Gansu,35,False,False,True,7.93,5.0,0,0.34,0.05,0.42,.,0,0.0,False
Gansu-Gas-2023,new.6-3,Gas,Gansu,20,False,False,True,9.76,2.0,0,0.65,0.02,0.2,.,0,0.0,False
Gansu-Nuclear-2023,new.6-5,Uranium,Gansu,40,False,True,False,10.4,0.5,0,0.11,0.03,0.5,.,0,0.0,False
Gansu-PV-2023,new.6-6,Solar,Gansu,20,True,False,False,.,0.0,0,0.0,0.02,0.0,.,0,0.0,True
Gansu-Wind-2023,new.6-7,Wind,Gansu,30,True,False,False,.,0.0,0,0.02,0.02,0.0,.,0,0.0,False
Guangdong-Central_PV-2023,new.7-1,Solar,Guangdong,20,True,False,False,.,0.0,0,0.0,0.02,0.0,.,0,0.0,False
Guangdong-Coal-2023,new.7-2,Coal,Guangdong,35,False,False,True,7.93,5.0,0,0.34,0.05,0.42,.,0,0.0,False
Guangdong-Gas-2023,new.7-3,Gas,Guangdong,20,False,False,True,9.76,2.0,0,0.65,0.02,0.2,.,0,0.0,False
Guangdong-Nuclear-2023,new.7-5,Uranium,Guangdong,40,False,True,False,10.4,0.5,0,0.11,0.03,0.5,.,0,0.0,False
Guangdong-PV-2023,new.7-6,Solar,Guangdong,20,True,False,False,.,0.0,0,0.0,0.02,0.0,.,0,0.0,True
Guangdong-Wind-2023,new.7-7,Wind,Guangdong,30,True,False,False,.,0.0,0,0.02,0.02,0.0,.,0,0.0,False
Guangxi-Central_PV-2023,new.8-1,Solar,Guangxi,20,True,False,False,.,0.0,0,0.0,0.02,0.0,.,0,0.0,False
Guangxi-Coal-2023,new.8-2,Coal,Guangxi,35,False,False,True,7.93,5.0,0,0.34,0.05,0.42,.,0,0.0,False
Guangxi-Gas-2023,new.8-3,Gas,Guangxi,20,False,False,True,9.76,2.0,0,0.65,0.02,0.2,.,0,0.0,False
Guangxi-Nuclear-2023,new.8-5,Uranium,Guangxi,40,False,True,False,10.4,0.5,0,0.11,0.03,0.5,.,0,0.0,False
Guangxi-PV-2023,new.8-6,Solar,Guangxi,20,True,False,False,.,0.0,0,0.0,0.02,0.0,.,0,0.0,True
Guangxi-Wind-2023,new.8-7,Wind,Guangxi,30,True,False,False,.,0.0,0,0.02,0.02,0.0,.,0,0.0,False
Guizhou-Central_PV-2023,new.9-1,Solar,Guizhou,20,True,False,False,.,0.0,0,0.0,0.02,0.0,.,0,0.0,False
Guizhou-Coal-2023,new.9-2,Coal,Guizhou,35,False,False,True,7.93,5.0,0,0.34,0.05,0.42,.,0,0.0,False
Guizhou-Gas-2023,new.9-3,Gas,Guizhou,20,False,False,True,9.76,2.0,0,0.65,0.02,0.2,.,0,0.0,False
Guizhou-Nuclear-2023,new.9-5,Uranium,Guizhou,40,False,True,False,10.4,0.5,0,0.11,0.03,0.5,.,0,0.0,False
Guizhou-PV-2023,new.9-6,Solar,Guizhou,20,True,False,False,.,0.0,0,0.0,0.02,0.0,.,0,0.0,True
Guizhou-Wind-2023,new.9-7,Wind,Guizhou,30,True,False,False,.,0.0,0,0.02,0.02,0.0,.,0,0.0,False
Hainan-Central_PV-2023,new.10-1,Solar,Hainan,20,True,False,False,.,0.0,0,0.0,0.02,0.0,.,0,0.0,False
Hainan-Coal-2023,new.10-2,Coal,Hainan,35,False,False,True,7.93,5.0,0,0.34,0.05,0.42,.,0,0.0,False
Hainan-Gas-2023,new.10-3,Gas,Hainan,20,False,False,True,9.76,2.0,0,0.65,0.02,0.2,.,0,0.0,False
Hainan-Nuclear-2023,new.10-5,Uranium,Hainan,40,False,True,False,10.4,0.5,0,0.11,0.03,0.5,.,0,0.0,False
Hainan-PV-2023,new.10-6,Solar,Hainan,20,True,False,False,.,0.0,0,0.0,0.02,0.0,.,0,0.0,True
Hainan-Wind-2023,new.10-7,Wind,Hainan,30,True,False,False,.,0.0,0,0.02,0.02,0.0,.,0,0.0,False
Hebei-Central_PV-2023,new.11-1,Solar,Hebei,20,True,False,False,.,0.0,0,0.0,0.02,0.0,.,0,0.0,False
Hebei-Coal-2023,new.11-2,Coal,Hebei,35,False,False,True,7.93,5.0,0,0.34,0.05,0.42,.,0,0.0,False
Hebei-Gas-2023,new.11-3,Gas,Hebei,20,False,False,True,9.76,2.0,0,0.65,0.02,0.2,.,0,0.0,False
Hebei-Nuclear-2023,new.11-5,Uranium,Hebei,40,False,True,False,10.4,0.5,0,0.11,0.03,0.5,.,0,0.0,False
Hebei-PV-2023,new.11-6,Solar,Hebei,20,True,False,False,.,0.0,0,0.0,0.02,0.0,.,0,0.0,True
Hebei-Wind-2023,new.11-7,Wind,Hebei,30,True,False,False,.,0.0,0,0.02,0.02,0.0,.,0,0.0,False
Heilongjiang-Central_PV-2023,new.12-1,Solar,Heilongjiang,20,True,False,False,.,0.0,0,0.0,0.02,0.0,.,0,0.0,False
Heilongjiang-Coal-2023,new.12-2,Coal,Heilongjiang,35,False,False,True,7.93,5.0,0,0.34,0.05,0.42,.,0,0.0,False
Heilongjiang-Gas-2023,new.12-3,Gas,Heilongjiang,20,False,False,True,9.76,2.0,0,0.65,0.02,0.2,.,0,0.0,False
Heilongjiang-Nuclear-2023,new.12-5,Uranium,Heilongjiang,40,False,True,False,10.4,0.5,0,0.11,0.03,0.5,.,0,0.0,False
Heilongjiang-PV-2023,new.12-6,Solar,Heilongjiang,20,True,False,False,.,0.0,0,0.0,0.02,0.0,.,0,0.0,True
Heilongjiang-Wind-2023,new.12-7,Wind,Heilongjiang,30,True,False,False,.,0.0,0,0.02,0.02,0.0,.,0,0.0,False
Henan-Central_PV-2023,new.13-1,Solar,Henan,20,True,False,False,.,0.0,0,0.0,0.02,0.0,.,0,0.0,False
Henan-Coal-2023,new.13-2,Coal,Henan,35,False,False,True,7.93,5.0,0,0.34,0.05,0.42,.,0,0.0,False
Henan-Gas-2023,new.13-3,Gas,Henan,20,False,False,True,9.76,2.0,0,0.65,0.02,0.2,.,0,0.0,False
Henan-Nuclear-2023,new.13-5,Uranium,Henan,40,False,True,False,10.4,0.5,0,0.11,0.03,0.5,.,0,0.0,False
Henan-PV-2023,new.13-6,Solar,Henan,20,True,False,False,.,0.0,0,0.0,0.02,0.0,.,0,0.0,True
Henan-Wind-2023,new.13-7,Wind,Henan,30,True,False,False,.,0.0,0,0.02,0.02,0.0,.,0,0.0,False
Hubei-Central_PV-2023,new.14-1,Solar,Hubei,20,True,False,False,.,0.0,0,0.0,0.02,0.0,.,0,0.0,False
Hubei-Coal-2023,new.14-2,Coal,Hubei,35,False,False,True,7.93,5.0,0,0.34,0.05,0.42,.,0,0.0,False
Hubei-Gas-2023,new.14-3,Gas,Hubei,20,False,False,True,9.76,2.0,0,0.65,0.02,0.2,.,0,0.0,False
Hubei-Nuclear-2023,new.14-5,Uranium,Hubei,40,False,True,False,10.4,0.5,0,0.11,0.03,0.5,.,0,0.0,False
Hubei-PV-2023,new.14-6,Solar,Hubei,20,True,False,False,.,0.0,0,0.0,0.02,0.0,.,0,0.0,True
Hubei-Wind-2023,new.14-7,Wind,Hubei,30,True,False,False,.,0.0,0,0.02,0.02,0.0,.,0,0.0,False
Hunan-Central_PV-2023,new.15-1,Solar,Hunan,20,True,False,False,.,0.0,0,0.0,0.02,0.0,.,0,0.0,False
Hunan-Coal-2023,new.15-2,Coal,Hunan,35,False,False,True,7.93,5.0,0,0.34,0.05,0.42,.,0,0.0,False
Hunan-Gas-2023,new.15-3,Gas,Hunan,20,False,False,True,9.76,2.0,0,0.65,0.02,0.2,.,0,0.0,False
Hunan-Nuclear-2023,new.15-5,Uranium,Hunan,40,False,True,False,10.4,0.5,0,0.11,0.03,0.5,.,0,0.0,False
Hunan-PV-2023,new.15-6,Solar,Hunan,20,True,False,False,.,0.0,0,0.0,0.02,0.0,.,0,0.0,True
Hunan-Wind-2023,new.15-7,Wind,Hunan,30,True,False,False,.,0.0,0,0.02,0.02,0.0,.,0,0.0,False
Jiangsu-Central_PV-2023,new.16-1,Solar,Jiangsu,20,True,False,False,.,0.0,0,0.0,0.02,0.0,.,0,0.0,False
Jiangsu-Coal-2023,new.16-2,Coal,Jiangsu,35,False,False,True,7.93,5.0,0,0.34,0.05,0.42,.,0,0.0,False
Jiangsu-Gas-2023,new.16-3,Gas,Jiangsu,20,False,False,True,9.76,2.0,0,0.65,0.02,0.2,.,0,0.0,False
Jiangsu-Nuclear-2023,new.16-5,Uranium,Jiangsu,40,False,True,False,10.4,0.5,0,0.11,0.03,0.5,.,0,0.0,False
Jiangsu-PV-2023,new.16-6,Solar,Jiangsu,20,True,False,False,.,0.0,0,0.0,0.02,0.0,.,0,0.0,True
Jiangsu-Wind-2023,new.16-7,Wind,Jiangsu,30,True,False,False,.,0.0,0,0.02,0.02,0.0,.,0,0.0,False
Jiangxi-Central_PV-2023,new.17-1,Solar,Jiangxi,20,True,False,False,.,0.0,0,0.0,0.02,0.0,.,0,0.0,False
Jiangxi-Coal-2023,new.17-2,Coal,Jiangxi,35,False,False,True,7.93,5.0,0,0.34,0.05,0.42,.,0,0.0,False
Jiangxi-Gas-2023,new.17-3,Gas,Jiangxi,20,False,False,True,9.76,2.0,0,0.65,0.02,0.2,.,0,0.0,False
Jiangxi-Nuclear-2023,new.17-5,Uranium,Jiangxi,40,False,True,False,10.4,0.5,0,0.11,0.03,0.5,.,0,0.0,False
Jiangxi-PV-2023,new.17-6,Solar,Jiangxi,20,True,False,False,.,0.0,0,0.0,0.02,0.0,.,0,0.0,True
Jiangxi-Wind-2023,new.17-7,Wind,Jiangxi,30,True,False,False,.,0.0,0,0.02,0.02,0.0,.,0,0.0,False
Jilin-Central_PV-2023,new.18-1,Solar,Jilin,20,True,False,False,.,0.0,0,0.0,0.02,0.0,.,0,0.0,False
Jilin-Coal-2023,new.18-2,Coal,Jilin,35,False,False,True,7.93,5.0,0,0.34,0.05,0.42,.,0,0.0,False
Jilin-Gas-2023,new.18-3,Gas,Jilin,20,False,False,True,9.76,2.0,0,0.65,0.02,0.2,.,0,0.0,False
Jilin-Nuclear-2023,new.18-5,Uranium,Jilin,40,False,True,False,10.4,0.5,0,0.11,0.03,0.5,.,0,0.0,False
Jilin-PV-2023,new.18-6,Solar,Jilin,20,True,False,False,.,0.0,0,0.0,0.02,0.0,.,0,0.0,True
Jilin-Wind-2023,new.18-7,Wind,Jilin,30,True,False,False,.,0.0,0,0.02,0.02,0.0,.,0,0.0,False
Liaoning-Central_PV-2023,new.19-1,Solar,Liaoning,20,True,False,False,.,0.0,0,0.0,0.02,0.0,.,0,0.0,False
Liaoning-Coal-2023,new.19-2,Coal,Liaoning,35,False,False,True,7.93,5.0,0,0.34,0.05,0.42,.,0,0.0,False
Liaoning-Gas-2023,new.19-3,Gas,Liaoning,20,False,False,True,9.76,2.0,0,0.65,0.02,0.2,.,0,0.0,False
Liaoning-Nuclear-2023,new.19-5,Uranium,Liaoning,40,False,True,False,10.4,0.5,0,0.11,0.03,0.5,.,0,0.0,False
Liaoning-PV-2023,new.19-6,Solar,Liaoning,20,True,False,False,.,0.0,0,0.0,0.02,0.0,.,0,0.0,True
Liaoning-Wind-2023,new.19-7,Wind,Liaoning,30,True,False,False,.,0.0,0,0.02,0.02,0.0,.,0,0.0,False
Ningxia-Central_PV-2023,new.20-1,Solar,Ningxia,20,True,False,False,.,0.0,0,0.0,0.02,0.0,.,0,0.0,False
Ningxia-Coal-2023,new.20-2,Coal,Ningxia,35,False,False,True,7.93,5.0,0,0.34,0.05,0.42,.,0,0.0,False
Ningxia-Gas-2023,new.20-3,Gas,Ningxia,20,False,False,True,9.76,2.0,0,0.65,0.02,0.2,.,0,0.0,False
Ningxia-Nuclear-2023,new.20-5,Uranium,Ningxia,40,False,True,False,10.4,0.5,0,0.11,0.03,0.5,.,0,0.0,False
Ningxia-PV-2023,new.20-6,Solar,Ningxia,20,True,False,False,.,0.0,0,0.0,0.02,0.0,.,0,0.0,True
Ningxia-Wind-2023,new.20-7,Wind,Ningxia,30,True,False,False,.,0.0,0,0.02,0.02,0.0,.,0,0.0,False
Qinghai-Central_PV-2023,new.21-1,Solar,Qinghai,20,True,False,False,.,0.0,0,0.0,0.02,0.0,.,0,0.0,False
Qinghai-Coal-2023,new.21-2,Coal,Qinghai,35,False,False,True,7.93,5.0,0,0.34,0.05,0.42,.,0,0.0,False
Qinghai-Gas-2023,new.21-3,Gas,Qinghai,20,False,False,True,9.76,2.0,0,0.65,0.02,0.2,.,0,0.0,False
Qinghai-Nuclear-2023,new.21-5,Uranium,Qinghai,40,False,True,False,10.4,0.5,0,0.11,0.03,0.5,.,0,0.0,False
Qinghai-PV-2023,new.21-6,Solar,Qinghai,20,True,False,False,.,0.0,0,0.0,0.02,0.0,.,0,0.0,True
Qinghai-Wind-2023,new.21-7,Wind,Qinghai,30,True,False,False,.,0.0,0,0.02,0.02,0.0,.,0,0.0,False
Shaanxi-Central_PV-2023,new.22-1,Solar,Shaanxi,20,True,False,False,.,0.0,0,0.0,0.02,0.0,.,0,0.0,False
Shaanxi-Coal-2023,new.22-2,Coal,Shaanxi,35,False,False,True,7.93,5.0,0,0.34,0.05,0.42,.,0,0.0,False
Shaanxi-Gas-2023,new.22-3,Gas,Shaanxi,20,False,False,True,9.76,2.0,0,0.65,0.02,0.2,.,0,0.0,False
Shaanxi-Nuclear-2023,new.22-5,Uranium,Shaanxi,40,False,True,False,10.4,0.5,0,0.11,0.03,0.5,.,0,0.0,False
Shaanxi-PV-2023,new.22-6,Solar,Shaanxi,20,True,False,False,.,0.0,0,0.0,0.02,0.0,.,0,0.0,True
Shaanxi-Wind-2023,new.22-7,Wind,Shaanxi,30,True,False,False,.,0.0,0,0.02,0.02,0.0,.,0,0.0,False
Shandong-Central_PV-2023,new.23-1,Solar,Shandong,20,True,False,False,.,0.0,0,0.0,0.02,0.0,.,0,0.0,False
Shandong-Coal-2023,new.23-2,Coal,Shandong,35,False,False,True,7.93,5.0,0,0.34,0.05,0.42,.,0,0.0,False
Shandong-Gas-2023,new.23-3,Gas,Shandong,20,False,False,True,9.76,2.0,0,0.65,0.02,0.2,.,0,0.0,False
Shandong-Nuclear-2023,new.23-5,Uranium,Shandong,40,False,True,False,10.4,0.5,0,0.11,0.03,0.5,.,0,0.0,False
Shandong-PV-2023,new.23-6,Solar,Shandong,20,True,False,False,.,0.0,0,0.0,0.02,0.0,.,0,0.0,True
Shandong-Wind-2023,new.23-7,Wind,Shandong,30,True,False,False,.,0.0,0,0.02,0.02,0.0,.,0,0.0,False
Shanghai-Central_PV-2023,new.24-1,Solar,Shanghai,20,True,False,False,.,0.0,0,0.0,0.02,0.0,.,0,0.0,False
Shanghai-Coal-2023,new.24-2,Coal,Shanghai,35,False,False,True,7.93,5.0,0,0.34,0.05,0.42,.,0,0.0,False
Shanghai-Gas-2023,new.24-3,Gas,Shanghai,20,False,False,True,9.76,2.0,0,0.65,0.02,0.2,.,0,0.0,False
Shanghai-Nuclear-2023,new.24-5,Uranium,Shanghai,40,False,True,False,10.4,0.5,0,0.11,0.03,0.5,.,0,0.0,False
Shanghai-PV-2023,new.24-6,Solar,Shanghai,20,True,False,False,.,0.0,0,0.0,0.02,0.0,.,0,0.0,True
Shanghai-Wind-2023,new.24-7,Wind,Shanghai,30,True,False,False,.,0.0,0,0.02,0.02,0.0,.,0,0.0,False
Shanxi-Central_PV-2023,new.25-1,Solar,Shanxi,20,True,False,False,.,0.0,0,0.0,0.02,0.0,.,0,0.0,False
Shanxi-Coal-2023,new.25-2,Coal,Shanxi,35,False,False,True,7.93,5.0,0,0.34,0.05,0.42,.,0,0.0,False
Shanxi-Gas-2023,new.25-3,Gas,Shanxi,20,False,False,True,9.76,2.0,0,0.65,0.02,0.2,.,0,0.0,False
Shanxi-Nuclear-2023,new.25-5,Uranium,Shanxi,40,False,True,False,10.4,0.5,0,0.11,0.03,0.5,.,0,0.0,False
Shanxi-PV-2023,new.25-6,Solar,Shanxi,20,True,False,False,.,0.0,0,0.0,0.02,0.0,.,0,0.0,True
Shanxi-Wind-2023,new.25-7,Wind,Shanxi,30,True,False,False,.,0.0,0,0.02,0.02,0.0,.,0,0.0,False
Sichuan-Central_PV-2023,new.26-1,Solar,Sichuan,20,True,False,False,.,0.0,0,0.0,0.02,0.0,.,0,0.0,False
Sichuan-Coal-2023,new.26-2,Coal,Sichuan,35,False,False,True,7.93,5.0,0,0.34,0.05,0.42,.,0,0.0,False
Sichuan-Gas-2023,new.26-3,Gas,Sichuan,20,False,False,True,9.76,2.0,0,0.65,0.02,0.2,.,0,0.0,False
Sichuan-Nuclear-2023,new.26-5,Uranium,Sichuan,40,False,True,False,10.4,0.5,0,0.11,0.03,0.5,.,0,0.0,False
Sichuan-PV-2023,new.26-6,Solar,Sichuan,20,True,False,False,.,0.0,0,0.0,0.02,0.0,.,0,0.0,True
Sichuan-Wind-2023,new.26-7,Wind,Sichuan,30,True,False,False,.,0.0,0,0.02,0.02,0.0,.,0,0.0,False
Tianjin-Central_PV-2023,new.27-1,Solar,Tianjin,20,True,False,False,.,0.0,0,0.0,0.02,0.0,.,0,0.0,False
Tianjin-Coal-2023,new.27-2,Coal,Tianjin,35,False,False,True,7.93,5.0,0,0.34,0.05,0.42,.,0,0.0,False
Tianjin-Gas-2023,new.27-3,Gas,Tianjin,20,False,False,True,9.76,2.0,0,0.65,0.02,0.2,.,0,0.0,False
Tianjin-Nuclear-2023,new.27-5,Uranium,Tianjin,40,False,True,False,10.4,0.5,0,0.11,0.03,0.5,.,0,0.0,False
Tianjin-PV-2023,new.27-6,Solar,Tianjin,20,True,False,False,.,0.0,0,0.0,0.02,0.0,.,0,0.0,True
Tianjin-Wind-2023,new.27-7,Wind,Tianjin,30,True,False,False,.,0.0,0,0.02,0.02,0.0,.,0,0.0,False
Tibet-Central_PV-2023,new.28-1,Solar,Tibet,20,True,False,False,.,0.0,0,0.0,0.02,0.0,.,0,0.0,False
Tibet-Nuclear-2023,new.28-5,Uranium,Tibet,40,False,True,False,10.4,0.5,0,0.11,0.03,0.5,.,0,0.0,False
Tibet-PV-2023,new.28-6,Solar,Tibet,20,True,False,False,.,0.0,0,0.0,0.02,0.0,.,0,0.0,True
Tibet-Wind-2023,new.28-7,Wind,Tibet,30,True,False,False,.,0.0,0,0.02,0.02,0.0,.,0,0.0,False
West_Inner_Mongolia-Central_PV-2023,new.29-1,Solar,West_Inner_Mongolia,20,True,False,False,.,0.0,0,0.0,0.02,0.0,.,0,0.0,False
West_Inner_Mongolia-Coal-2023,new.29-2,Coal,West_Inner_Mongolia,35,False,False,True,7.93,5.0,0,0.34,0.05,0.42,.,0,0.0,False
West_Inner_Mongolia-Gas-2023,new.29-3,Gas,West_Inner_Mongolia,20,False,False,True,9.76,2.0,0,0.65,0.02,0.2,.,0,0.0,False
West_Inner_Mongolia-Nuclear-2023,new.29-5,Uranium,West_Inner_Mongolia,40,False,True,False,10.4,0.5,0,0.11,0.03,0.5,.,0,0.0,False
West_Inner_Mongolia-PV-2023,new.29-6,Solar,West_Inner_Mongolia,20,True,False,False,.,0.0,0,0.0,0.02,0.0,.,0,0.0,True
West_Inner_Mongolia-Wind-2023,new.29-7,Wind,West_Inner_Mongolia,30,True,False,False,.,0.0,0,0.02,0.02,0.0,.,0,0.0,False
Xinjiang-Central_PV-2023,new.30-1,Solar,Xinjiang,20,True,False,False,.,0.0,0,0.0,0.02,0.0,.,0,0.0,False
Xinjiang-Coal-2023,new.30-2,Coal,Xinjiang,35,False,False,True,7.93,5.0,0,0.34,0.05,0.42,.,0,0.0,False
Xinjiang-Gas-2023,new.30-3,Gas,Xinjiang,20,False,False,True,9.76,2.0,0,0.65,0.02,0.2,.,0,0.0,False
Xinjiang-Nuclear-2023,new.30-5,Uranium,Xinjiang,40,False,True,False,10.4,0.5,0,0.11,0.03,0.5,.,0,0.0,False
Xinjiang-PV-2023,new.30-6,Solar,Xinjiang,20,True,False,False,.,0.0,0,0.0,0.02,0.0,.,0,0.0,True
Xinjiang-Wind-2023,new.30-7,Wind,Xinjiang,30,True,False,False,.,0.0,0,0.02,0.02,0.0,.,0,0.0,False
Yunnan-Central_PV-2023,new.31-1,Solar,Yunnan,20,True,False,False,.,0.0,0,0.0,0.02,0.0,.,0,0.0,False
Yunnan-Coal-2023,new.31-2,Coal,Yunnan,35,False,False,True,7.93,5.0,0,0.34,0.05,0.42,.,0,0.0,False
Yunnan-Gas-2023,new.31-3,Gas,Yunnan,20,False,False,True,9.76,2.0,0,0.65,0.02,0.2,.,0,0.0,False
Yunnan-Nuclear-2023,new.31-5,Uranium,Yunnan,40,False,True,False,10.4,0.5,0,0.11,0.03,0.5,.,0,0.0,False
Yunnan-PV-2023,new.31-6,Solar,Yunnan,20,True,False,False,.,0.0,0,0.0,0.02,0.0,.,0,0.0,True
Yunnan-Wind-2023,new.31-7,Wind,Yunnan,30,True,False,False,.,0.0,0,0.02,0.02,0.0,.,0,0.0,False
Zhejiang-Central_PV-2023,new.32-1,Solar,Zhejiang,20,True,False,False,.,0.0,0,0.0,0.02,0.0,.,0,0.0,False
Zhejiang-Coal-2023,new.32-2,Coal,Zhejiang,35,False,False,True,7.93,5.0,0,0.34,0.05,0.42,.,0,0.0,False
Zhejiang-Gas-2023,new.32-3,Gas,Zhejiang,20,False,False,True,9.76,2.0,0,0.65,0.02,0.2,.,0,0.0,False
Zhejiang-Nuclear-2023,new.32-5,Uranium,Zhejiang,40,False,True,False,10.4,0.5,0,0.11,0.03,0.5,.,0,0.0,False
Zhejiang-PV-2023,new.32-6,Solar,Zhejiang,20,True,False,False,.,0.0,0,0.0,0.02,0.0,.,0,0.0,True
Zhejiang-Wind-2023,new.32-7,Wind,Zhejiang,30,True,False,False,.,0.0,0,0.02,0.02,0.0,.,0,0.0,False
