ELECRRIC_VEHICLE_TIMEPOINTS_1,ELECRRIC_VEHICLE_TIMEPOINTS_2,DischargingPower
Chongqing-Ev,2025.01.22.00,0.0
Chongqing-Ev,2025.01.22.04,0.0
Chongqing-Ev,2025.01.22.08,0.0
Chongqing-Ev,2025.01.22.12,0.0
Chongqing-Ev,2025.01.22.16,0.0
Chongqing-Ev,2025.01.22.20,0.0
Chongqing-Ev,2025.02.08.00,0.0
Chongqing-Ev,2025.02.08.04,0.0
Chongqing-Ev,2025.02.08.08,0.0
Chongqing-Ev,2025.02.08.12,0.0
Chongqing-Ev,2025.02.08.16,0.0
Chongqing-Ev,2025.02.08.20,0.0
Chongqing-Ev,2025.03.21.00,0.0
Chongqing-Ev,2025.03.21.04,0.0
Chongqing-Ev,2025.03.21.08,0.0
Chongqing-Ev,2025.03.21.12,0.0
Chongqing-Ev,2025.03.21.16,0.0
Chongqing-Ev,2025.03.21.20,0.0
Chongqing-Ev,2025.04.11.00,0.0
Chongqing-Ev,2025.04.11.04,0.0
Chongqing-Ev,2025.04.11.08,0.0
Chongqing-Ev,2025.04.11.12,0.0
Chongqing-Ev,2025.04.11.16,0.0
Chongqing-Ev,2025.04.11.20,0.0
Chongqing-Ev,2025.05.22.00,0.0
Chongqing-Ev,2025.05.22.04,0.0
Chongqing-Ev,2025.05.22.08,0.0
Chongqing-Ev,2025.05.22.12,0.0
Chongqing-Ev,2025.05.22.16,0.0
Chongqing-Ev,2025.05.22.20,0.0
Chongqing-Ev,2025.06.16.00,0.0
Chongqing-Ev,2025.06.16.04,0.0
Chongqing-Ev,2025.06.16.08,0.0
Chongqing-Ev,2025.06.16.12,0.0
Chongqing-Ev,2025.06.16.16,0.0
Chongqing-Ev,2025.06.16.20,0.0
Chongqing-Ev,2025.07.22.00,980.6951700000001
Chongqing-Ev,2025.07.22.04,0.0
Chongqing-Ev,2025.07.22.08,0.0
Chongqing-Ev,2025.07.22.12,0.0
Chongqing-Ev,2025.07.22.16,0.0
Chongqing-Ev,2025.07.22.20,0.0
Chongqing-Ev,2025.08.19.00,0.0
Chongqing-Ev,2025.08.19.04,0.0
Chongqing-Ev,2025.08.19.08,0.0
Chongqing-Ev,2025.08.19.12,0.0
Chongqing-Ev,2025.08.19.16,1778.18355
Chongqing-Ev,2025.08.19.20,0.0
Chongqing-Ev,2025.09.20.00,284.2125263490834
Chongqing-Ev,2025.09.20.04,0.0
Chongqing-Ev,2025.09.20.08,0.0
Chongqing-Ev,2025.09.20.12,0.0
Chongqing-Ev,2025.09.20.16,0.0
Chongqing-Ev,2025.09.20.20,0.0
Chongqing-Ev,2025.10.26.00,0.0
Chongqing-Ev,2025.10.26.04,0.0
Chongqing-Ev,2025.10.26.08,0.0
Chongqing-Ev,2025.10.26.12,0.0
Chongqing-Ev,2025.10.26.16,0.0
Chongqing-Ev,2025.10.26.20,0.0
Chongqing-Ev,2025.11.19.00,0.0
Chongqing-Ev,2025.11.19.04,0.0
Chongqing-Ev,2025.11.19.08,0.0
Chongqing-Ev,2025.11.19.12,0.0
Chongqing-Ev,2025.11.19.16,0.0
Chongqing-Ev,2025.11.19.20,0.0
Chongqing-Ev,2025.12.16.00,0.0
Chongqing-Ev,2025.12.16.04,0.0
Chongqing-Ev,2025.12.16.08,0.0
Chongqing-Ev,2025.12.16.12,0.0
Chongqing-Ev,2025.12.16.16,0.0
Chongqing-Ev,2025.12.16.20,0.0
Henan-Ev,2025.01.22.00,0.0
Henan-Ev,2025.01.22.04,0.0
Henan-Ev,2025.01.22.08,0.0
Henan-Ev,2025.01.22.12,0.0
Henan-Ev,2025.01.22.16,0.019305
Henan-Ev,2025.01.22.20,0.0
Henan-Ev,2025.02.08.00,0.0
Henan-Ev,2025.02.08.04,0.0
Henan-Ev,2025.02.08.08,0.0
Henan-Ev,2025.02.08.12,0.0
Henan-Ev,2025.02.08.16,0.0
Henan-Ev,2025.02.08.20,0.0
Henan-Ev,2025.03.21.00,0.0
Henan-Ev,2025.03.21.04,0.0
Henan-Ev,2025.03.21.08,0.0
Henan-Ev,2025.03.21.12,0.0
Henan-Ev,2025.03.21.16,0.0
Henan-Ev,2025.03.21.20,0.0
Henan-Ev,2025.04.11.00,0.0
Henan-Ev,2025.04.11.04,0.0
Henan-Ev,2025.04.11.08,0.0
Henan-Ev,2025.04.11.12,0.0
Henan-Ev,2025.04.11.16,0.0
Henan-Ev,2025.04.11.20,0.0
Henan-Ev,2025.05.22.00,0.0
Henan-Ev,2025.05.22.04,0.0007800000000000001
Henan-Ev,2025.05.22.08,0.0
Henan-Ev,2025.05.22.12,0.0
Henan-Ev,2025.05.22.16,0.0
Henan-Ev,2025.05.22.20,0.0
Henan-Ev,2025.06.16.00,0.0
Henan-Ev,2025.06.16.04,0.0007800000000000001
Henan-Ev,2025.06.16.08,0.0
Henan-Ev,2025.06.16.12,0.0
Henan-Ev,2025.06.16.16,0.0
Henan-Ev,2025.06.16.20,0.0
Henan-Ev,2025.07.22.00,0.0
Henan-Ev,2025.07.22.04,0.0
Henan-Ev,2025.07.22.08,0.0
Henan-Ev,2025.07.22.12,0.0
Henan-Ev,2025.07.22.16,0.0
Henan-Ev,2025.07.22.20,0.0
Henan-Ev,2025.08.19.00,0.0
Henan-Ev,2025.08.19.04,0.0
Henan-Ev,2025.08.19.08,0.0
Henan-Ev,2025.08.19.12,0.0
Henan-Ev,2025.08.19.16,0.0
Henan-Ev,2025.08.19.20,0.0
Henan-Ev,2025.09.20.00,0.0
Henan-Ev,2025.09.20.04,0.0007800000000000001
Henan-Ev,2025.09.20.08,0.0
Henan-Ev,2025.09.20.12,0.0
Henan-Ev,2025.09.20.16,0.0
Henan-Ev,2025.09.20.20,0.0
Henan-Ev,2025.10.26.00,0.0
Henan-Ev,2025.10.26.04,0.0007800000000000001
Henan-Ev,2025.10.26.08,0.0
Henan-Ev,2025.10.26.12,0.0
Henan-Ev,2025.10.26.16,0.019305
Henan-Ev,2025.10.26.20,0.0
Henan-Ev,2025.11.19.00,0.0
Henan-Ev,2025.11.19.04,0.0
Henan-Ev,2025.11.19.08,0.0
Henan-Ev,2025.11.19.12,0.0
Henan-Ev,2025.11.19.16,0.019305
Henan-Ev,2025.11.19.20,0.0
Henan-Ev,2025.12.16.00,0.0
Henan-Ev,2025.12.16.04,0.0
Henan-Ev,2025.12.16.08,0.0
Henan-Ev,2025.12.16.12,0.0
Henan-Ev,2025.12.16.16,0.019305
Henan-Ev,2025.12.16.20,0.0
Hubei-Ev,2025.01.22.00,0.0
Hubei-Ev,2025.01.22.04,0.0
Hubei-Ev,2025.01.22.08,0.0
Hubei-Ev,2025.01.22.12,0.0
Hubei-Ev,2025.01.22.16,0.0
Hubei-Ev,2025.01.22.20,0.0
Hubei-Ev,2025.02.08.00,0.0
Hubei-Ev,2025.02.08.04,0.0
Hubei-Ev,2025.02.08.08,0.0
Hubei-Ev,2025.02.08.12,0.0
Hubei-Ev,2025.02.08.16,0.0
Hubei-Ev,2025.02.08.20,0.0
Hubei-Ev,2025.03.21.00,0.0
Hubei-Ev,2025.03.21.04,0.0
Hubei-Ev,2025.03.21.08,0.0
Hubei-Ev,2025.03.21.12,0.0
Hubei-Ev,2025.03.21.16,0.0
Hubei-Ev,2025.03.21.20,0.0
Hubei-Ev,2025.04.11.00,0.0
Hubei-Ev,2025.04.11.04,0.0
Hubei-Ev,2025.04.11.08,0.0
Hubei-Ev,2025.04.11.12,0.0
Hubei-Ev,2025.04.11.16,0.0
Hubei-Ev,2025.04.11.20,0.0
Hubei-Ev,2025.05.22.00,0.0
Hubei-Ev,2025.05.22.04,0.0
Hubei-Ev,2025.05.22.08,0.0
Hubei-Ev,2025.05.22.12,0.0
Hubei-Ev,2025.05.22.16,0.0
Hubei-Ev,2025.05.22.20,0.0
Hubei-Ev,2025.06.16.00,0.0
Hubei-Ev,2025.06.16.04,0.0
Hubei-Ev,2025.06.16.08,0.0
Hubei-Ev,2025.06.16.12,0.0
Hubei-Ev,2025.06.16.16,0.0
Hubei-Ev,2025.06.16.20,0.0
Hubei-Ev,2025.07.22.00,0.0
Hubei-Ev,2025.07.22.04,0.0
Hubei-Ev,2025.07.22.08,0.0
Hubei-Ev,2025.07.22.12,0.0
Hubei-Ev,2025.07.22.16,0.0
Hubei-Ev,2025.07.22.20,0.014390999999999998
Hubei-Ev,2025.08.19.00,0.0
Hubei-Ev,2025.08.19.04,0.0
Hubei-Ev,2025.08.19.08,0.0
Hubei-Ev,2025.08.19.12,0.0
Hubei-Ev,2025.08.19.16,0.0
Hubei-Ev,2025.08.19.20,0.0
Hubei-Ev,2025.09.20.00,0.0
Hubei-Ev,2025.09.20.04,0.0
Hubei-Ev,2025.09.20.08,0.0
Hubei-Ev,2025.09.20.12,0.0
Hubei-Ev,2025.09.20.16,0.0
Hubei-Ev,2025.09.20.20,0.0
Hubei-Ev,2025.10.26.00,0.0
Hubei-Ev,2025.10.26.04,0.0
Hubei-Ev,2025.10.26.08,0.0
Hubei-Ev,2025.10.26.12,0.0
Hubei-Ev,2025.10.26.16,0.0
Hubei-Ev,2025.10.26.20,0.014390999999999998
Hubei-Ev,2025.11.19.00,0.0
Hubei-Ev,2025.11.19.04,0.0
Hubei-Ev,2025.11.19.08,0.0
Hubei-Ev,2025.11.19.12,0.0
Hubei-Ev,2025.11.19.16,0.0
Hubei-Ev,2025.11.19.20,0.0
Hubei-Ev,2025.12.16.00,0.0
Hubei-Ev,2025.12.16.04,0.0
Hubei-Ev,2025.12.16.08,0.0
Hubei-Ev,2025.12.16.12,0.0
Hubei-Ev,2025.12.16.16,0.0
Hubei-Ev,2025.12.16.20,0.0
Hunan-Ev,2025.01.22.00,0.0
Hunan-Ev,2025.01.22.04,0.0
Hunan-Ev,2025.01.22.08,0.0
Hunan-Ev,2025.01.22.12,0.0
Hunan-Ev,2025.01.22.16,0.0
Hunan-Ev,2025.01.22.20,0.0
Hunan-Ev,2025.02.08.00,0.0
Hunan-Ev,2025.02.08.04,0.0
Hunan-Ev,2025.02.08.08,0.0
Hunan-Ev,2025.02.08.12,0.0
Hunan-Ev,2025.02.08.16,0.0
Hunan-Ev,2025.02.08.20,0.0
Hunan-Ev,2025.03.21.00,0.0
Hunan-Ev,2025.03.21.04,0.0
Hunan-Ev,2025.03.21.08,0.0
Hunan-Ev,2025.03.21.12,0.0
Hunan-Ev,2025.03.21.16,0.0
Hunan-Ev,2025.03.21.20,0.0
Hunan-Ev,2025.04.11.00,0.0
Hunan-Ev,2025.04.11.04,0.0
Hunan-Ev,2025.04.11.08,0.0
Hunan-Ev,2025.04.11.12,0.0
Hunan-Ev,2025.04.11.16,0.0
Hunan-Ev,2025.04.11.20,0.0
Hunan-Ev,2025.05.22.00,0.0
Hunan-Ev,2025.05.22.04,0.0
Hunan-Ev,2025.05.22.08,0.0
Hunan-Ev,2025.05.22.12,0.0
Hunan-Ev,2025.05.22.16,0.0
Hunan-Ev,2025.05.22.20,0.0
Hunan-Ev,2025.06.16.00,0.0
Hunan-Ev,2025.06.16.04,0.0
Hunan-Ev,2025.06.16.08,0.0
Hunan-Ev,2025.06.16.12,0.0
Hunan-Ev,2025.06.16.16,0.0
Hunan-Ev,2025.06.16.20,595.3352711293904
Hunan-Ev,2025.07.22.00,0.0
Hunan-Ev,2025.07.22.04,0.0
Hunan-Ev,2025.07.22.08,0.0
Hunan-Ev,2025.07.22.12,0.0
Hunan-Ev,2025.07.22.16,0.0
Hunan-Ev,2025.07.22.20,0.0
Hunan-Ev,2025.08.19.00,0.0
Hunan-Ev,2025.08.19.04,0.0
Hunan-Ev,2025.08.19.08,0.0
Hunan-Ev,2025.08.19.12,0.0
Hunan-Ev,2025.08.19.16,0.0
Hunan-Ev,2025.08.19.20,1741.2822179999996
Hunan-Ev,2025.09.20.00,0.0
Hunan-Ev,2025.09.20.04,0.0
Hunan-Ev,2025.09.20.08,0.0
Hunan-Ev,2025.09.20.12,0.0
Hunan-Ev,2025.09.20.16,0.0
Hunan-Ev,2025.09.20.20,0.0
Hunan-Ev,2025.10.26.00,0.0
Hunan-Ev,2025.10.26.04,0.0
Hunan-Ev,2025.10.26.08,0.0
Hunan-Ev,2025.10.26.12,0.0
Hunan-Ev,2025.10.26.16,0.0
Hunan-Ev,2025.10.26.20,0.0
Hunan-Ev,2025.11.19.00,0.0
Hunan-Ev,2025.11.19.04,0.0
Hunan-Ev,2025.11.19.08,0.0
Hunan-Ev,2025.11.19.12,0.0
Hunan-Ev,2025.11.19.16,0.0
Hunan-Ev,2025.11.19.20,0.0
Hunan-Ev,2025.12.16.00,0.0
Hunan-Ev,2025.12.16.04,0.0
Hunan-Ev,2025.12.16.08,0.0
Hunan-Ev,2025.12.16.12,0.0
Hunan-Ev,2025.12.16.16,0.0
Hunan-Ev,2025.12.16.20,0.0
Jiangxi-Ev,2025.01.22.00,0.0
Jiangxi-Ev,2025.01.22.04,0.0
Jiangxi-Ev,2025.01.22.08,0.0
Jiangxi-Ev,2025.01.22.12,0.0
Jiangxi-Ev,2025.01.22.16,0.0
Jiangxi-Ev,2025.01.22.20,0.0
Jiangxi-Ev,2025.02.08.00,0.0
Jiangxi-Ev,2025.02.08.04,0.0
Jiangxi-Ev,2025.02.08.08,0.0
Jiangxi-Ev,2025.02.08.12,0.0
Jiangxi-Ev,2025.02.08.16,0.0
Jiangxi-Ev,2025.02.08.20,0.0
Jiangxi-Ev,2025.03.21.00,0.0
Jiangxi-Ev,2025.03.21.04,0.0
Jiangxi-Ev,2025.03.21.08,0.0
Jiangxi-Ev,2025.03.21.12,0.0
Jiangxi-Ev,2025.03.21.16,0.0
Jiangxi-Ev,2025.03.21.20,0.0
Jiangxi-Ev,2025.04.11.00,0.0
Jiangxi-Ev,2025.04.11.04,0.0
Jiangxi-Ev,2025.04.11.08,0.0
Jiangxi-Ev,2025.04.11.12,0.0
Jiangxi-Ev,2025.04.11.16,0.0
Jiangxi-Ev,2025.04.11.20,0.014390999999999998
Jiangxi-Ev,2025.05.22.00,0.0
Jiangxi-Ev,2025.05.22.04,0.0007800000000000001
Jiangxi-Ev,2025.05.22.08,0.0
Jiangxi-Ev,2025.05.22.12,0.0
Jiangxi-Ev,2025.05.22.16,0.0
Jiangxi-Ev,2025.05.22.20,0.014390999999999998
Jiangxi-Ev,2025.06.16.00,0.010647
Jiangxi-Ev,2025.06.16.04,0.0007800000000000001
Jiangxi-Ev,2025.06.16.08,0.0
Jiangxi-Ev,2025.06.16.12,0.0
Jiangxi-Ev,2025.06.16.16,0.0
Jiangxi-Ev,2025.06.16.20,0.014390999999999998
Jiangxi-Ev,2025.07.22.00,0.0
Jiangxi-Ev,2025.07.22.04,0.0
Jiangxi-Ev,2025.07.22.08,0.0
Jiangxi-Ev,2025.07.22.12,0.0
Jiangxi-Ev,2025.07.22.16,0.0
Jiangxi-Ev,2025.07.22.20,0.0
Jiangxi-Ev,2025.08.19.00,0.0
Jiangxi-Ev,2025.08.19.04,0.0
Jiangxi-Ev,2025.08.19.08,0.0
Jiangxi-Ev,2025.08.19.12,0.0
Jiangxi-Ev,2025.08.19.16,0.0
Jiangxi-Ev,2025.08.19.20,0.0
Jiangxi-Ev,2025.09.20.00,0.0
Jiangxi-Ev,2025.09.20.04,0.0
Jiangxi-Ev,2025.09.20.08,0.0
Jiangxi-Ev,2025.09.20.12,0.0
Jiangxi-Ev,2025.09.20.16,0.0
Jiangxi-Ev,2025.09.20.20,0.0
Jiangxi-Ev,2025.10.26.00,0.0
Jiangxi-Ev,2025.10.26.04,0.0
Jiangxi-Ev,2025.10.26.08,0.0
Jiangxi-Ev,2025.10.26.12,0.0
Jiangxi-Ev,2025.10.26.16,0.0
Jiangxi-Ev,2025.10.26.20,0.0
Jiangxi-Ev,2025.11.19.00,0.0
Jiangxi-Ev,2025.11.19.04,0.0
Jiangxi-Ev,2025.11.19.08,0.0
Jiangxi-Ev,2025.11.19.12,0.0
Jiangxi-Ev,2025.11.19.16,0.0
Jiangxi-Ev,2025.11.19.20,0.0
Jiangxi-Ev,2025.12.16.00,0.0
Jiangxi-Ev,2025.12.16.04,0.0
Jiangxi-Ev,2025.12.16.08,0.0
Jiangxi-Ev,2025.12.16.12,0.0
Jiangxi-Ev,2025.12.16.16,0.0
Jiangxi-Ev,2025.12.16.20,0.0
Sichuan-Ev,2025.01.22.00,267.111936
Sichuan-Ev,2025.01.22.04,19.568640000000002
Sichuan-Ev,2025.01.22.08,0.0
Sichuan-Ev,2025.01.22.12,0.0
Sichuan-Ev,2025.01.22.16,0.0
Sichuan-Ev,2025.01.22.20,0.0
Sichuan-Ev,2025.02.08.00,267.111936
Sichuan-Ev,2025.02.08.04,19.568640000000002
Sichuan-Ev,2025.02.08.08,0.489216
Sichuan-Ev,2025.02.08.12,0.0
Sichuan-Ev,2025.02.08.16,0.0
Sichuan-Ev,2025.02.08.20,361.04140799999993
Sichuan-Ev,2025.03.21.00,0.0
Sichuan-Ev,2025.03.21.04,0.0
Sichuan-Ev,2025.03.21.08,0.0
Sichuan-Ev,2025.03.21.12,0.0
Sichuan-Ev,2025.03.21.16,0.0
Sichuan-Ev,2025.03.21.20,0.0
Sichuan-Ev,2025.04.11.00,267.111936
Sichuan-Ev,2025.04.11.04,19.568640000000002
Sichuan-Ev,2025.04.11.08,0.489216
Sichuan-Ev,2025.04.11.12,70.93632000000001
Sichuan-Ev,2025.04.11.16,0.0
Sichuan-Ev,2025.04.11.20,361.04140799999993
Sichuan-Ev,2025.05.22.00,0.0
Sichuan-Ev,2025.05.22.04,0.0
Sichuan-Ev,2025.05.22.08,0.0
Sichuan-Ev,2025.05.22.12,0.0
Sichuan-Ev,2025.05.22.16,0.0
Sichuan-Ev,2025.05.22.20,0.0
Sichuan-Ev,2025.06.16.00,0.0
Sichuan-Ev,2025.06.16.04,0.0
Sichuan-Ev,2025.06.16.08,0.0
Sichuan-Ev,2025.06.16.12,0.0
Sichuan-Ev,2025.06.16.16,0.0
Sichuan-Ev,2025.06.16.20,0.0
Sichuan-Ev,2025.07.22.00,0.0
Sichuan-Ev,2025.07.22.04,0.0
Sichuan-Ev,2025.07.22.08,0.0
Sichuan-Ev,2025.07.22.12,0.0
Sichuan-Ev,2025.07.22.16,0.0
Sichuan-Ev,2025.07.22.20,361.04140799999993
Sichuan-Ev,2025.08.19.00,0.0
Sichuan-Ev,2025.08.19.04,0.0
Sichuan-Ev,2025.08.19.08,0.0
Sichuan-Ev,2025.08.19.12,0.0
Sichuan-Ev,2025.08.19.16,0.0
Sichuan-Ev,2025.08.19.20,0.0
Sichuan-Ev,2025.09.20.00,0.0
Sichuan-Ev,2025.09.20.04,0.0
Sichuan-Ev,2025.09.20.08,0.0
Sichuan-Ev,2025.09.20.12,0.0
Sichuan-Ev,2025.09.20.16,0.0
Sichuan-Ev,2025.09.20.20,0.0
Sichuan-Ev,2025.10.26.00,0.0
Sichuan-Ev,2025.10.26.04,0.0
Sichuan-Ev,2025.10.26.08,0.0
Sichuan-Ev,2025.10.26.12,0.0
Sichuan-Ev,2025.10.26.16,0.0
Sichuan-Ev,2025.10.26.20,0.0
Sichuan-Ev,2025.11.19.00,0.0
Sichuan-Ev,2025.11.19.04,0.0
Sichuan-Ev,2025.11.19.08,0.0
Sichuan-Ev,2025.11.19.12,0.0
Sichuan-Ev,2025.11.19.16,0.0
Sichuan-Ev,2025.11.19.20,0.0
Sichuan-Ev,2025.12.16.00,0.0
Sichuan-Ev,2025.12.16.04,0.0
Sichuan-Ev,2025.12.16.08,0.0
Sichuan-Ev,2025.12.16.12,0.0
Sichuan-Ev,2025.12.16.16,0.0
Sichuan-Ev,2025.12.16.20,0.0
Anhui-Ev,2025.01.22.00,0.0
Anhui-Ev,2025.01.22.04,0.0
Anhui-Ev,2025.01.22.08,0.0
Anhui-Ev,2025.01.22.12,0.0
Anhui-Ev,2025.01.22.16,0.0
Anhui-Ev,2025.01.22.20,0.0
Anhui-Ev,2025.02.08.00,0.0
Anhui-Ev,2025.02.08.04,0.0
Anhui-Ev,2025.02.08.08,0.0
Anhui-Ev,2025.02.08.12,0.0
Anhui-Ev,2025.02.08.16,0.0
Anhui-Ev,2025.02.08.20,0.0
Anhui-Ev,2025.03.21.00,0.0
Anhui-Ev,2025.03.21.04,0.0
Anhui-Ev,2025.03.21.08,0.0
Anhui-Ev,2025.03.21.12,0.0
Anhui-Ev,2025.03.21.16,0.0
Anhui-Ev,2025.03.21.20,0.0
Anhui-Ev,2025.04.11.00,0.0
Anhui-Ev,2025.04.11.04,0.0
Anhui-Ev,2025.04.11.08,0.0
Anhui-Ev,2025.04.11.12,0.0
Anhui-Ev,2025.04.11.16,0.0
Anhui-Ev,2025.04.11.20,0.0
Anhui-Ev,2025.05.22.00,0.0
Anhui-Ev,2025.05.22.04,0.0
Anhui-Ev,2025.05.22.08,0.0
Anhui-Ev,2025.05.22.12,0.0
Anhui-Ev,2025.05.22.16,0.019305
Anhui-Ev,2025.05.22.20,0.014390999999999998
Anhui-Ev,2025.06.16.00,0.0
Anhui-Ev,2025.06.16.04,0.0
Anhui-Ev,2025.06.16.08,0.0
Anhui-Ev,2025.06.16.12,0.0
Anhui-Ev,2025.06.16.16,0.0
Anhui-Ev,2025.06.16.20,0.0
Anhui-Ev,2025.07.22.00,0.0
Anhui-Ev,2025.07.22.04,0.0
Anhui-Ev,2025.07.22.08,0.0
Anhui-Ev,2025.07.22.12,0.0
Anhui-Ev,2025.07.22.16,0.0
Anhui-Ev,2025.07.22.20,0.014390999999999998
Anhui-Ev,2025.08.19.00,0.0
Anhui-Ev,2025.08.19.04,0.0
Anhui-Ev,2025.08.19.08,0.0
Anhui-Ev,2025.08.19.12,0.0
Anhui-Ev,2025.08.19.16,0.0
Anhui-Ev,2025.08.19.20,0.0
Anhui-Ev,2025.09.20.00,0.0
Anhui-Ev,2025.09.20.04,0.0
Anhui-Ev,2025.09.20.08,0.0
Anhui-Ev,2025.09.20.12,0.0
Anhui-Ev,2025.09.20.16,0.0
Anhui-Ev,2025.09.20.20,0.0
Anhui-Ev,2025.10.26.00,0.0
Anhui-Ev,2025.10.26.04,0.0
Anhui-Ev,2025.10.26.08,0.0
Anhui-Ev,2025.10.26.12,0.0
Anhui-Ev,2025.10.26.16,0.019305
Anhui-Ev,2025.10.26.20,0.0
Anhui-Ev,2025.11.19.00,0.0
Anhui-Ev,2025.11.19.04,0.0
Anhui-Ev,2025.11.19.08,0.0
Anhui-Ev,2025.11.19.12,0.0
Anhui-Ev,2025.11.19.16,0.0
Anhui-Ev,2025.11.19.20,0.0
Anhui-Ev,2025.12.16.00,0.0
Anhui-Ev,2025.12.16.04,0.0
Anhui-Ev,2025.12.16.08,0.0
Anhui-Ev,2025.12.16.12,0.0
Anhui-Ev,2025.12.16.16,0.019305
Anhui-Ev,2025.12.16.20,0.0
Fujian-Ev,2025.01.22.00,0.0
Fujian-Ev,2025.01.22.04,0.0
Fujian-Ev,2025.01.22.08,0.0
Fujian-Ev,2025.01.22.12,0.0
Fujian-Ev,2025.01.22.16,0.0
Fujian-Ev,2025.01.22.20,0.0
Fujian-Ev,2025.02.08.00,0.0
Fujian-Ev,2025.02.08.04,0.0
Fujian-Ev,2025.02.08.08,0.0
Fujian-Ev,2025.02.08.12,0.0
Fujian-Ev,2025.02.08.16,0.0
Fujian-Ev,2025.02.08.20,0.0
Fujian-Ev,2025.03.21.00,0.0
Fujian-Ev,2025.03.21.04,0.0
Fujian-Ev,2025.03.21.08,0.0
Fujian-Ev,2025.03.21.12,0.0
Fujian-Ev,2025.03.21.16,0.0
Fujian-Ev,2025.03.21.20,0.0
Fujian-Ev,2025.04.11.00,0.0
Fujian-Ev,2025.04.11.04,0.0
Fujian-Ev,2025.04.11.08,0.0
Fujian-Ev,2025.04.11.12,0.0
Fujian-Ev,2025.04.11.16,0.0
Fujian-Ev,2025.04.11.20,0.0
Fujian-Ev,2025.05.22.00,0.0
Fujian-Ev,2025.05.22.04,0.0
Fujian-Ev,2025.05.22.08,0.0
Fujian-Ev,2025.05.22.12,0.0
Fujian-Ev,2025.05.22.16,0.0
Fujian-Ev,2025.05.22.20,0.0
Fujian-Ev,2025.06.16.00,0.0
Fujian-Ev,2025.06.16.04,0.0
Fujian-Ev,2025.06.16.08,0.0
Fujian-Ev,2025.06.16.12,0.0
Fujian-Ev,2025.06.16.16,0.0
Fujian-Ev,2025.06.16.20,0.0
Fujian-Ev,2025.07.22.00,0.0
Fujian-Ev,2025.07.22.04,0.0
Fujian-Ev,2025.07.22.08,0.0
Fujian-Ev,2025.07.22.12,0.0
Fujian-Ev,2025.07.22.16,0.019305
Fujian-Ev,2025.07.22.20,0.014390999999999998
Fujian-Ev,2025.08.19.00,0.0
Fujian-Ev,2025.08.19.04,0.0
Fujian-Ev,2025.08.19.08,0.0
Fujian-Ev,2025.08.19.12,0.0
Fujian-Ev,2025.08.19.16,0.0
Fujian-Ev,2025.08.19.20,0.0
Fujian-Ev,2025.09.20.00,0.0
Fujian-Ev,2025.09.20.04,0.0
Fujian-Ev,2025.09.20.08,0.0
Fujian-Ev,2025.09.20.12,0.0
Fujian-Ev,2025.09.20.16,0.0
Fujian-Ev,2025.09.20.20,0.0
Fujian-Ev,2025.10.26.00,0.0
Fujian-Ev,2025.10.26.04,0.0
Fujian-Ev,2025.10.26.08,0.0
Fujian-Ev,2025.10.26.12,0.0
Fujian-Ev,2025.10.26.16,0.0
Fujian-Ev,2025.10.26.20,0.0
Fujian-Ev,2025.11.19.00,0.0
Fujian-Ev,2025.11.19.04,0.0
Fujian-Ev,2025.11.19.08,0.0
Fujian-Ev,2025.11.19.12,0.0
Fujian-Ev,2025.11.19.16,0.0
Fujian-Ev,2025.11.19.20,0.0
Fujian-Ev,2025.12.16.00,0.0
Fujian-Ev,2025.12.16.04,0.0
Fujian-Ev,2025.12.16.08,0.0
Fujian-Ev,2025.12.16.12,0.0
Fujian-Ev,2025.12.16.16,0.019305
Fujian-Ev,2025.12.16.20,0.014390999999999998
Jiangsu-Ev,2025.01.22.00,0.0
Jiangsu-Ev,2025.01.22.04,0.0
Jiangsu-Ev,2025.01.22.08,0.0
Jiangsu-Ev,2025.01.22.12,0.0
Jiangsu-Ev,2025.01.22.16,0.0
Jiangsu-Ev,2025.01.22.20,0.0
Jiangsu-Ev,2025.02.08.00,0.0
Jiangsu-Ev,2025.02.08.04,0.0
Jiangsu-Ev,2025.02.08.08,0.0
Jiangsu-Ev,2025.02.08.12,0.0
Jiangsu-Ev,2025.02.08.16,0.0
Jiangsu-Ev,2025.02.08.20,0.0
Jiangsu-Ev,2025.03.21.00,0.0
Jiangsu-Ev,2025.03.21.04,0.0
Jiangsu-Ev,2025.03.21.08,0.0
Jiangsu-Ev,2025.03.21.12,0.0
Jiangsu-Ev,2025.03.21.16,0.0
Jiangsu-Ev,2025.03.21.20,0.0
Jiangsu-Ev,2025.04.11.00,0.0
Jiangsu-Ev,2025.04.11.04,0.0
Jiangsu-Ev,2025.04.11.08,0.0
Jiangsu-Ev,2025.04.11.12,0.0
Jiangsu-Ev,2025.04.11.16,0.0
Jiangsu-Ev,2025.04.11.20,0.0
Jiangsu-Ev,2025.05.22.00,0.0
Jiangsu-Ev,2025.05.22.04,172.03914000000003
Jiangsu-Ev,2025.05.22.08,0.0
Jiangsu-Ev,2025.05.22.12,0.0
Jiangsu-Ev,2025.05.22.16,2261.3639453971755
Jiangsu-Ev,2025.05.22.20,212.34120150282615
Jiangsu-Ev,2025.06.16.00,0.0
Jiangsu-Ev,2025.06.16.04,172.03914000000003
Jiangsu-Ev,2025.06.16.08,0.0
Jiangsu-Ev,2025.06.16.12,0.0
Jiangsu-Ev,2025.06.16.16,2379.322912944008
Jiangsu-Ev,2025.06.16.20,0.0
Jiangsu-Ev,2025.07.22.00,0.0
Jiangsu-Ev,2025.07.22.04,0.0
Jiangsu-Ev,2025.07.22.08,0.0
Jiangsu-Ev,2025.07.22.12,0.0
Jiangsu-Ev,2025.07.22.16,0.0
Jiangsu-Ev,2025.07.22.20,37.99866872045095
Jiangsu-Ev,2025.08.19.00,0.0
Jiangsu-Ev,2025.08.19.04,0.0
Jiangsu-Ev,2025.08.19.08,0.0
Jiangsu-Ev,2025.08.19.12,0.0
Jiangsu-Ev,2025.08.19.16,4257.961085052535
Jiangsu-Ev,2025.08.19.20,0.0
Jiangsu-Ev,2025.09.20.00,0.0
Jiangsu-Ev,2025.09.20.04,0.0
Jiangsu-Ev,2025.09.20.08,0.0
Jiangsu-Ev,2025.09.20.12,0.0
Jiangsu-Ev,2025.09.20.16,0.0
Jiangsu-Ev,2025.09.20.20,0.0
Jiangsu-Ev,2025.10.26.00,0.0
Jiangsu-Ev,2025.10.26.04,0.0
Jiangsu-Ev,2025.10.26.08,0.0
Jiangsu-Ev,2025.10.26.12,0.0
Jiangsu-Ev,2025.10.26.16,4257.968715
Jiangsu-Ev,2025.10.26.20,0.0
Jiangsu-Ev,2025.11.19.00,0.0
Jiangsu-Ev,2025.11.19.04,0.0
Jiangsu-Ev,2025.11.19.08,0.0
Jiangsu-Ev,2025.11.19.12,0.0
Jiangsu-Ev,2025.11.19.16,0.0
Jiangsu-Ev,2025.11.19.20,0.0
Jiangsu-Ev,2025.12.16.00,0.0
Jiangsu-Ev,2025.12.16.04,0.0
Jiangsu-Ev,2025.12.16.08,0.0
Jiangsu-Ev,2025.12.16.12,0.0
Jiangsu-Ev,2025.12.16.16,4257.968715
Jiangsu-Ev,2025.12.16.20,0.0
Shanghai-Ev,2025.01.22.00,0.0
Shanghai-Ev,2025.01.22.04,0.0
Shanghai-Ev,2025.01.22.08,0.0
Shanghai-Ev,2025.01.22.12,381.36687127742425
Shanghai-Ev,2025.01.22.16,0.0
Shanghai-Ev,2025.01.22.20,0.0
Shanghai-Ev,2025.02.08.00,0.0
Shanghai-Ev,2025.02.08.04,0.0
Shanghai-Ev,2025.02.08.08,0.0
Shanghai-Ev,2025.02.08.12,839.7569675113573
Shanghai-Ev,2025.02.08.16,0.0
Shanghai-Ev,2025.02.08.20,0.0
Shanghai-Ev,2025.03.21.00,0.0
Shanghai-Ev,2025.03.21.04,0.0
Shanghai-Ev,2025.03.21.08,0.0
Shanghai-Ev,2025.03.21.12,0.0
Shanghai-Ev,2025.03.21.16,0.0
Shanghai-Ev,2025.03.21.20,0.0
Shanghai-Ev,2025.04.11.00,0.0
Shanghai-Ev,2025.04.11.04,0.0
Shanghai-Ev,2025.04.11.08,0.0
Shanghai-Ev,2025.04.11.12,631.8577953788208
Shanghai-Ev,2025.04.11.16,0.0
Shanghai-Ev,2025.04.11.20,0.0
Shanghai-Ev,2025.05.22.00,0.0
Shanghai-Ev,2025.05.22.04,0.0
Shanghai-Ev,2025.05.22.08,0.0
Shanghai-Ev,2025.05.22.12,0.0
Shanghai-Ev,2025.05.22.16,610.1087793422739
Shanghai-Ev,2025.05.22.20,0.0
Shanghai-Ev,2025.06.16.00,0.0
Shanghai-Ev,2025.06.16.04,0.0
Shanghai-Ev,2025.06.16.08,0.0
Shanghai-Ev,2025.06.16.12,0.0
Shanghai-Ev,2025.06.16.16,2440.256565583076
Shanghai-Ev,2025.06.16.20,0.0
Shanghai-Ev,2025.07.22.00,0.0
Shanghai-Ev,2025.07.22.04,0.0
Shanghai-Ev,2025.07.22.08,0.0
Shanghai-Ev,2025.07.22.12,0.0
Shanghai-Ev,2025.07.22.16,0.0
Shanghai-Ev,2025.07.22.20,965.0080392827658
Shanghai-Ev,2025.08.19.00,0.0
Shanghai-Ev,2025.08.19.04,0.0
Shanghai-Ev,2025.08.19.08,0.0
Shanghai-Ev,2025.08.19.12,940.9382775
Shanghai-Ev,2025.08.19.16,399.5591417250007
Shanghai-Ev,2025.08.19.20,0.0
Shanghai-Ev,2025.09.20.00,0.0
Shanghai-Ev,2025.09.20.04,0.0
Shanghai-Ev,2025.09.20.08,0.0
Shanghai-Ev,2025.09.20.12,0.0
Shanghai-Ev,2025.09.20.16,613.2456435020863
Shanghai-Ev,2025.09.20.20,0.0
Shanghai-Ev,2025.10.26.00,0.0
Shanghai-Ev,2025.10.26.04,0.0
Shanghai-Ev,2025.10.26.08,0.0
Shanghai-Ev,2025.10.26.12,0.0
Shanghai-Ev,2025.10.26.16,1209.2176513954564
Shanghai-Ev,2025.10.26.20,0.0
Shanghai-Ev,2025.11.19.00,0.0
Shanghai-Ev,2025.11.19.04,0.0
Shanghai-Ev,2025.11.19.08,0.0
Shanghai-Ev,2025.11.19.12,0.0
Shanghai-Ev,2025.11.19.16,0.0
Shanghai-Ev,2025.11.19.20,0.0
Shanghai-Ev,2025.12.16.00,0.0
Shanghai-Ev,2025.12.16.04,0.0
Shanghai-Ev,2025.12.16.08,0.0
Shanghai-Ev,2025.12.16.12,0.0
Shanghai-Ev,2025.12.16.16,4418.5377466619175
Shanghai-Ev,2025.12.16.20,0.0
Zhejiang-Ev,2025.01.22.00,0.0
Zhejiang-Ev,2025.01.22.04,0.0
Zhejiang-Ev,2025.01.22.08,0.0
Zhejiang-Ev,2025.01.22.12,0.0
Zhejiang-Ev,2025.01.22.16,0.0
Zhejiang-Ev,2025.01.22.20,0.0
Zhejiang-Ev,2025.02.08.00,0.0
Zhejiang-Ev,2025.02.08.04,0.0
Zhejiang-Ev,2025.02.08.08,0.0
Zhejiang-Ev,2025.02.08.12,0.0
Zhejiang-Ev,2025.02.08.16,0.0
Zhejiang-Ev,2025.02.08.20,0.0
Zhejiang-Ev,2025.03.21.00,0.0
Zhejiang-Ev,2025.03.21.04,0.0
Zhejiang-Ev,2025.03.21.08,0.0
Zhejiang-Ev,2025.03.21.12,0.0
Zhejiang-Ev,2025.03.21.16,0.0
Zhejiang-Ev,2025.03.21.20,0.0
Zhejiang-Ev,2025.04.11.00,0.0
Zhejiang-Ev,2025.04.11.04,0.0
Zhejiang-Ev,2025.04.11.08,0.0
Zhejiang-Ev,2025.04.11.12,0.0
Zhejiang-Ev,2025.04.11.16,0.0
Zhejiang-Ev,2025.04.11.20,0.0
Zhejiang-Ev,2025.05.22.00,0.0
Zhejiang-Ev,2025.05.22.04,0.0
Zhejiang-Ev,2025.05.22.08,0.0
Zhejiang-Ev,2025.05.22.12,0.0
Zhejiang-Ev,2025.05.22.16,0.0
Zhejiang-Ev,2025.05.22.20,0.0
Zhejiang-Ev,2025.06.16.00,0.0
Zhejiang-Ev,2025.06.16.04,0.0
Zhejiang-Ev,2025.06.16.08,0.0
Zhejiang-Ev,2025.06.16.12,0.0
Zhejiang-Ev,2025.06.16.16,0.0
Zhejiang-Ev,2025.06.16.20,0.0
Zhejiang-Ev,2025.07.22.00,0.0
Zhejiang-Ev,2025.07.22.04,0.0
Zhejiang-Ev,2025.07.22.08,0.0
Zhejiang-Ev,2025.07.22.12,0.0
Zhejiang-Ev,2025.07.22.16,494.98906524276117
Zhejiang-Ev,2025.07.22.20,93.40501097119295
Zhejiang-Ev,2025.08.19.00,0.0
Zhejiang-Ev,2025.08.19.04,0.0
Zhejiang-Ev,2025.08.19.08,0.0
Zhejiang-Ev,2025.08.19.12,0.0
Zhejiang-Ev,2025.08.19.16,4924.076849545806
Zhejiang-Ev,2025.08.19.20,0.0
Zhejiang-Ev,2025.09.20.00,0.0
Zhejiang-Ev,2025.09.20.04,198.95303999999962
Zhejiang-Ev,2025.09.20.08,0.0
Zhejiang-Ev,2025.09.20.12,0.0
Zhejiang-Ev,2025.09.20.16,1518.6808348692866
Zhejiang-Ev,2025.09.20.20,0.0
Zhejiang-Ev,2025.10.26.00,0.0
Zhejiang-Ev,2025.10.26.04,0.0
Zhejiang-Ev,2025.10.26.08,0.0
Zhejiang-Ev,2025.10.26.12,0.0
Zhejiang-Ev,2025.10.26.16,3617.0465267370237
Zhejiang-Ev,2025.10.26.20,0.0
Zhejiang-Ev,2025.11.19.00,0.0
Zhejiang-Ev,2025.11.19.04,0.0
Zhejiang-Ev,2025.11.19.08,0.0
Zhejiang-Ev,2025.11.19.12,0.0
Zhejiang-Ev,2025.11.19.16,0.0
Zhejiang-Ev,2025.11.19.20,0.0
Zhejiang-Ev,2025.12.16.00,0.0
Zhejiang-Ev,2025.12.16.04,0.0
Zhejiang-Ev,2025.12.16.08,0.0
Zhejiang-Ev,2025.12.16.12,0.0
Zhejiang-Ev,2025.12.16.16,2695.0527778165124
Zhejiang-Ev,2025.12.16.20,0.0
Beijing-Ev,2025.01.22.00,0.0
Beijing-Ev,2025.01.22.04,0.0
Beijing-Ev,2025.01.22.08,0.0
Beijing-Ev,2025.01.22.12,0.0
Beijing-Ev,2025.01.22.16,674.1692100000027
Beijing-Ev,2025.01.22.20,502.5625020000019
Beijing-Ev,2025.02.08.00,0.0
Beijing-Ev,2025.02.08.04,0.0
Beijing-Ev,2025.02.08.08,0.0
Beijing-Ev,2025.02.08.12,0.0
Beijing-Ev,2025.02.08.16,418.1974962333279
Beijing-Ev,2025.02.08.20,349.3537588249055
Beijing-Ev,2025.03.21.00,0.0
Beijing-Ev,2025.03.21.04,0.0
Beijing-Ev,2025.03.21.08,0.0
Beijing-Ev,2025.03.21.12,0.0
Beijing-Ev,2025.03.21.16,0.0
Beijing-Ev,2025.03.21.20,0.0
Beijing-Ev,2025.04.11.00,0.0
Beijing-Ev,2025.04.11.04,0.0
Beijing-Ev,2025.04.11.08,0.0
Beijing-Ev,2025.04.11.12,0.0
Beijing-Ev,2025.04.11.16,592.7381264418655
Beijing-Ev,2025.04.11.20,0.0
Beijing-Ev,2025.05.22.00,0.0
Beijing-Ev,2025.05.22.04,27.23916000000011
Beijing-Ev,2025.05.22.08,0.0
Beijing-Ev,2025.05.22.12,0.0
Beijing-Ev,2025.05.22.16,0.0
Beijing-Ev,2025.05.22.20,167.51696832869402
Beijing-Ev,2025.06.16.00,0.0
Beijing-Ev,2025.06.16.04,0.0
Beijing-Ev,2025.06.16.08,0.0
Beijing-Ev,2025.06.16.12,0.0
Beijing-Ev,2025.06.16.16,0.0
Beijing-Ev,2025.06.16.20,0.0
Beijing-Ev,2025.07.22.00,0.0
Beijing-Ev,2025.07.22.04,0.0
Beijing-Ev,2025.07.22.08,0.0
Beijing-Ev,2025.07.22.12,0.0
Beijing-Ev,2025.07.22.16,164.75929056854602
Beijing-Ev,2025.07.22.20,0.0
Beijing-Ev,2025.08.19.00,0.0
Beijing-Ev,2025.08.19.04,0.0
Beijing-Ev,2025.08.19.08,0.0
Beijing-Ev,2025.08.19.12,0.0
Beijing-Ev,2025.08.19.16,0.0
Beijing-Ev,2025.08.19.20,502.5625020000019
Beijing-Ev,2025.09.20.00,0.0
Beijing-Ev,2025.09.20.04,0.0
Beijing-Ev,2025.09.20.08,0.0
Beijing-Ev,2025.09.20.12,0.0
Beijing-Ev,2025.09.20.16,0.0
Beijing-Ev,2025.09.20.20,0.0
Beijing-Ev,2025.10.26.00,0.0
Beijing-Ev,2025.10.26.04,0.0
Beijing-Ev,2025.10.26.08,0.0
Beijing-Ev,2025.10.26.12,0.0
Beijing-Ev,2025.10.26.16,0.0
Beijing-Ev,2025.10.26.20,0.0
Beijing-Ev,2025.11.19.00,0.0
Beijing-Ev,2025.11.19.04,0.0
Beijing-Ev,2025.11.19.08,0.0
Beijing-Ev,2025.11.19.12,0.0
Beijing-Ev,2025.11.19.16,595.8797861428757
Beijing-Ev,2025.11.19.20,79.29047650245775
Beijing-Ev,2025.12.16.00,0.0
Beijing-Ev,2025.12.16.04,0.0
Beijing-Ev,2025.12.16.08,0.0
Beijing-Ev,2025.12.16.12,0.0
Beijing-Ev,2025.12.16.16,674.1692100000026
Beijing-Ev,2025.12.16.20,22.757331354884627
Hebei-Ev,2025.01.22.00,0.0
Hebei-Ev,2025.01.22.04,0.0
Hebei-Ev,2025.01.22.08,0.0
Hebei-Ev,2025.01.22.12,0.0
Hebei-Ev,2025.01.22.16,2531.0772223488093
Hebei-Ev,2025.01.22.20,0.0
Hebei-Ev,2025.02.08.00,0.0
Hebei-Ev,2025.02.08.04,0.0
Hebei-Ev,2025.02.08.08,0.0
Hebei-Ev,2025.02.08.12,0.0
Hebei-Ev,2025.02.08.16,2562.2898167500007
Hebei-Ev,2025.02.08.20,0.0
Hebei-Ev,2025.03.21.00,0.0
Hebei-Ev,2025.03.21.04,0.0
Hebei-Ev,2025.03.21.08,0.0
Hebei-Ev,2025.03.21.12,0.0
Hebei-Ev,2025.03.21.16,0.0
Hebei-Ev,2025.03.21.20,0.0
Hebei-Ev,2025.04.11.00,0.0
Hebei-Ev,2025.04.11.04,0.0
Hebei-Ev,2025.04.11.08,0.0
Hebei-Ev,2025.04.11.12,0.0
Hebei-Ev,2025.04.11.16,1686.5721721000002
Hebei-Ev,2025.04.11.20,0.0
Hebei-Ev,2025.05.22.00,0.0
Hebei-Ev,2025.05.22.04,113.64210000000004
Hebei-Ev,2025.05.22.08,0.0
Hebei-Ev,2025.05.22.12,0.0
Hebei-Ev,2025.05.22.16,0.0
Hebei-Ev,2025.05.22.20,1096.028295555443
Hebei-Ev,2025.06.16.00,0.0
Hebei-Ev,2025.06.16.04,113.64210000000004
Hebei-Ev,2025.06.16.08,0.0
Hebei-Ev,2025.06.16.12,0.0
Hebei-Ev,2025.06.16.16,1850.0829830544499
Hebei-Ev,2025.06.16.20,0.0
Hebei-Ev,2025.07.22.00,0.0
Hebei-Ev,2025.07.22.04,0.0
Hebei-Ev,2025.07.22.08,0.0
Hebei-Ev,2025.07.22.12,0.0
Hebei-Ev,2025.07.22.16,0.0
Hebei-Ev,2025.07.22.20,0.0
Hebei-Ev,2025.08.19.00,467.5667172787769
Hebei-Ev,2025.08.19.04,113.64210000000004
Hebei-Ev,2025.08.19.08,0.0
Hebei-Ev,2025.08.19.12,0.0
Hebei-Ev,2025.08.19.16,0.0
Hebei-Ev,2025.08.19.20,1310.8360731212233
Hebei-Ev,2025.09.20.00,114.82155647992113
Hebei-Ev,2025.09.20.04,0.0
Hebei-Ev,2025.09.20.08,0.0
Hebei-Ev,2025.09.20.12,0.0
Hebei-Ev,2025.09.20.16,0.0
Hebei-Ev,2025.09.20.20,0.0
Hebei-Ev,2025.10.26.00,0.0
Hebei-Ev,2025.10.26.04,113.64210000000004
Hebei-Ev,2025.10.26.08,0.0
Hebei-Ev,2025.10.26.12,0.0
Hebei-Ev,2025.10.26.16,2812.641975
Hebei-Ev,2025.10.26.20,0.0
Hebei-Ev,2025.11.19.00,0.0
Hebei-Ev,2025.11.19.04,0.0
Hebei-Ev,2025.11.19.08,0.0
Hebei-Ev,2025.11.19.12,0.0
Hebei-Ev,2025.11.19.16,2812.641975
Hebei-Ev,2025.11.19.20,0.0
Hebei-Ev,2025.12.16.00,0.0
Hebei-Ev,2025.12.16.04,0.0
Hebei-Ev,2025.12.16.08,0.0
Hebei-Ev,2025.12.16.12,411.95261250000004
Hebei-Ev,2025.12.16.16,1781.2752461249997
Hebei-Ev,2025.12.16.20,0.0
Shandong-Ev,2025.01.22.00,0.0
Shandong-Ev,2025.01.22.04,0.0
Shandong-Ev,2025.01.22.08,0.0
Shandong-Ev,2025.01.22.12,0.0
Shandong-Ev,2025.01.22.16,16.042455
Shandong-Ev,2025.01.22.20,0.0
Shandong-Ev,2025.02.08.00,8.847657
Shandong-Ev,2025.02.08.04,0.6481800000000001
Shandong-Ev,2025.02.08.08,0.0162045
Shandong-Ev,2025.02.08.12,0.0
Shandong-Ev,2025.02.08.16,16.042455
Shandong-Ev,2025.02.08.20,11.950451499999785
Shandong-Ev,2025.03.21.00,0.0
Shandong-Ev,2025.03.21.04,0.0
Shandong-Ev,2025.03.21.08,0.0
Shandong-Ev,2025.03.21.12,0.0
Shandong-Ev,2025.03.21.16,0.0
Shandong-Ev,2025.03.21.20,0.0
Shandong-Ev,2025.04.11.00,0.0
Shandong-Ev,2025.04.11.04,0.6481800000000001
Shandong-Ev,2025.04.11.08,0.0
Shandong-Ev,2025.04.11.12,0.0
Shandong-Ev,2025.04.11.16,16.042455
Shandong-Ev,2025.04.11.20,0.0
Shandong-Ev,2025.05.22.00,0.0
Shandong-Ev,2025.05.22.04,0.6481800000000001
Shandong-Ev,2025.05.22.08,0.0
Shandong-Ev,2025.05.22.12,0.0
Shandong-Ev,2025.05.22.16,0.0
Shandong-Ev,2025.05.22.20,11.958920999999998
Shandong-Ev,2025.06.16.00,0.0
Shandong-Ev,2025.06.16.04,0.6481800000000001
Shandong-Ev,2025.06.16.08,0.0
Shandong-Ev,2025.06.16.12,0.0
Shandong-Ev,2025.06.16.16,16.042455
Shandong-Ev,2025.06.16.20,0.0
Shandong-Ev,2025.07.22.00,0.0
Shandong-Ev,2025.07.22.04,0.0
Shandong-Ev,2025.07.22.08,0.0
Shandong-Ev,2025.07.22.12,0.0
Shandong-Ev,2025.07.22.16,0.0
Shandong-Ev,2025.07.22.20,0.0
Shandong-Ev,2025.08.19.00,0.0
Shandong-Ev,2025.08.19.04,0.6481799999965006
Shandong-Ev,2025.08.19.08,0.0
Shandong-Ev,2025.08.19.12,0.0
Shandong-Ev,2025.08.19.16,0.0
Shandong-Ev,2025.08.19.20,0.0
Shandong-Ev,2025.09.20.00,0.0
Shandong-Ev,2025.09.20.04,0.0
Shandong-Ev,2025.09.20.08,0.0
Shandong-Ev,2025.09.20.12,0.0
Shandong-Ev,2025.09.20.16,0.0
Shandong-Ev,2025.09.20.20,0.0
Shandong-Ev,2025.10.26.00,0.0
Shandong-Ev,2025.10.26.04,0.6481800000000001
Shandong-Ev,2025.10.26.08,0.0
Shandong-Ev,2025.10.26.12,0.0
Shandong-Ev,2025.10.26.16,16.042455
Shandong-Ev,2025.10.26.20,0.0
Shandong-Ev,2025.11.19.00,0.0
Shandong-Ev,2025.11.19.04,0.0
Shandong-Ev,2025.11.19.08,0.0
Shandong-Ev,2025.11.19.12,0.0
Shandong-Ev,2025.11.19.16,16.042455
Shandong-Ev,2025.11.19.20,0.0
Shandong-Ev,2025.12.16.00,0.0
Shandong-Ev,2025.12.16.04,0.0
Shandong-Ev,2025.12.16.08,0.0
Shandong-Ev,2025.12.16.12,0.0
Shandong-Ev,2025.12.16.16,16.042455
Shandong-Ev,2025.12.16.20,0.0
Shanxi-Ev,2025.01.22.00,0.0
Shanxi-Ev,2025.01.22.04,0.0
Shanxi-Ev,2025.01.22.08,0.0
Shanxi-Ev,2025.01.22.12,0.0
Shanxi-Ev,2025.01.22.16,0.0
Shanxi-Ev,2025.01.22.20,0.0
Shanxi-Ev,2025.02.08.00,0.0
Shanxi-Ev,2025.02.08.04,0.0
Shanxi-Ev,2025.02.08.08,0.0
Shanxi-Ev,2025.02.08.12,0.0
Shanxi-Ev,2025.02.08.16,0.0
Shanxi-Ev,2025.02.08.20,0.0
Shanxi-Ev,2025.03.21.00,0.0
Shanxi-Ev,2025.03.21.04,0.0
Shanxi-Ev,2025.03.21.08,1.95e-05
Shanxi-Ev,2025.03.21.12,0.0028275
Shanxi-Ev,2025.03.21.16,0.019305
Shanxi-Ev,2025.03.21.20,0.014390999999999998
Shanxi-Ev,2025.04.11.00,0.0
Shanxi-Ev,2025.04.11.04,0.0
Shanxi-Ev,2025.04.11.08,1.95e-05
Shanxi-Ev,2025.04.11.12,0.0
Shanxi-Ev,2025.04.11.16,0.0
Shanxi-Ev,2025.04.11.20,0.0
Shanxi-Ev,2025.05.22.00,0.010647
Shanxi-Ev,2025.05.22.04,0.0007800000000000001
Shanxi-Ev,2025.05.22.08,0.0
Shanxi-Ev,2025.05.22.12,0.0
Shanxi-Ev,2025.05.22.16,0.0
Shanxi-Ev,2025.05.22.20,0.014390999999999998
Shanxi-Ev,2025.06.16.00,0.0
Shanxi-Ev,2025.06.16.04,0.0007800000000000001
Shanxi-Ev,2025.06.16.08,0.0
Shanxi-Ev,2025.06.16.12,0.0
Shanxi-Ev,2025.06.16.16,0.0
Shanxi-Ev,2025.06.16.20,0.0
Shanxi-Ev,2025.07.22.00,0.0
Shanxi-Ev,2025.07.22.04,0.0
Shanxi-Ev,2025.07.22.08,0.0
Shanxi-Ev,2025.07.22.12,0.0
Shanxi-Ev,2025.07.22.16,0.0
Shanxi-Ev,2025.07.22.20,0.0
Shanxi-Ev,2025.08.19.00,0.010647
Shanxi-Ev,2025.08.19.04,0.0007800000000000001
Shanxi-Ev,2025.08.19.08,0.0
Shanxi-Ev,2025.08.19.12,0.0
Shanxi-Ev,2025.08.19.16,0.0
Shanxi-Ev,2025.08.19.20,0.014390999999999998
Shanxi-Ev,2025.09.20.00,0.0
Shanxi-Ev,2025.09.20.04,0.0007800000000000001
Shanxi-Ev,2025.09.20.08,0.0
Shanxi-Ev,2025.09.20.12,0.0
Shanxi-Ev,2025.09.20.16,0.0
Shanxi-Ev,2025.09.20.20,0.0
Shanxi-Ev,2025.10.26.00,0.0
Shanxi-Ev,2025.10.26.04,0.0007800000000000001
Shanxi-Ev,2025.10.26.08,0.0
Shanxi-Ev,2025.10.26.12,0.0
Shanxi-Ev,2025.10.26.16,0.019305
Shanxi-Ev,2025.10.26.20,0.0
Shanxi-Ev,2025.11.19.00,0.0
Shanxi-Ev,2025.11.19.04,0.0
Shanxi-Ev,2025.11.19.08,0.0
Shanxi-Ev,2025.11.19.12,0.0
Shanxi-Ev,2025.11.19.16,0.0
Shanxi-Ev,2025.11.19.20,0.0
Shanxi-Ev,2025.12.16.00,0.010647
Shanxi-Ev,2025.12.16.04,0.0007800000000000001
Shanxi-Ev,2025.12.16.08,0.0
Shanxi-Ev,2025.12.16.12,0.0
Shanxi-Ev,2025.12.16.16,0.0
Shanxi-Ev,2025.12.16.20,7.275957614183426e-12
Tianjin-Ev,2025.01.22.00,0.0
Tianjin-Ev,2025.01.22.04,0.0
Tianjin-Ev,2025.01.22.08,0.0
Tianjin-Ev,2025.01.22.12,0.0
Tianjin-Ev,2025.01.22.16,0.0
Tianjin-Ev,2025.01.22.20,0.0
Tianjin-Ev,2025.02.08.00,0.0
Tianjin-Ev,2025.02.08.04,0.0
Tianjin-Ev,2025.02.08.08,0.5111535000000005
Tianjin-Ev,2025.02.08.12,0.0
Tianjin-Ev,2025.02.08.16,0.0
Tianjin-Ev,2025.02.08.20,0.0
Tianjin-Ev,2025.03.21.00,0.0
Tianjin-Ev,2025.03.21.04,0.0
Tianjin-Ev,2025.03.21.08,0.0
Tianjin-Ev,2025.03.21.12,0.0
Tianjin-Ev,2025.03.21.16,0.0
Tianjin-Ev,2025.03.21.20,0.0
Tianjin-Ev,2025.04.11.00,0.0
Tianjin-Ev,2025.04.11.04,0.0
Tianjin-Ev,2025.04.11.08,0.0
Tianjin-Ev,2025.04.11.12,0.0
Tianjin-Ev,2025.04.11.16,0.0
Tianjin-Ev,2025.04.11.20,0.0
Tianjin-Ev,2025.05.22.00,0.0
Tianjin-Ev,2025.05.22.04,0.0
Tianjin-Ev,2025.05.22.08,0.0
Tianjin-Ev,2025.05.22.12,0.0
Tianjin-Ev,2025.05.22.16,0.0
Tianjin-Ev,2025.05.22.20,0.0
Tianjin-Ev,2025.06.16.00,0.0
Tianjin-Ev,2025.06.16.04,0.0
Tianjin-Ev,2025.06.16.08,0.0
Tianjin-Ev,2025.06.16.12,0.0
Tianjin-Ev,2025.06.16.16,0.0
Tianjin-Ev,2025.06.16.20,0.0
Tianjin-Ev,2025.07.22.00,0.0
Tianjin-Ev,2025.07.22.04,0.0
Tianjin-Ev,2025.07.22.08,0.5111535000000005
Tianjin-Ev,2025.07.22.12,0.0
Tianjin-Ev,2025.07.22.16,0.0
Tianjin-Ev,2025.07.22.20,114.41394583101646
Tianjin-Ev,2025.08.19.00,0.0
Tianjin-Ev,2025.08.19.04,0.0
Tianjin-Ev,2025.08.19.08,0.0
Tianjin-Ev,2025.08.19.12,0.0
Tianjin-Ev,2025.08.19.16,0.0
Tianjin-Ev,2025.08.19.20,0.0
Tianjin-Ev,2025.09.20.00,0.0
Tianjin-Ev,2025.09.20.04,0.0
Tianjin-Ev,2025.09.20.08,0.0
Tianjin-Ev,2025.09.20.12,0.0
Tianjin-Ev,2025.09.20.16,0.0
Tianjin-Ev,2025.09.20.20,0.0
Tianjin-Ev,2025.10.26.00,0.0
Tianjin-Ev,2025.10.26.04,0.0
Tianjin-Ev,2025.10.26.08,0.0
Tianjin-Ev,2025.10.26.12,0.0
Tianjin-Ev,2025.10.26.16,0.0
Tianjin-Ev,2025.10.26.20,0.0
Tianjin-Ev,2025.11.19.00,0.0
Tianjin-Ev,2025.11.19.04,0.0
Tianjin-Ev,2025.11.19.08,0.0
Tianjin-Ev,2025.11.19.12,0.0
Tianjin-Ev,2025.11.19.16,0.0
Tianjin-Ev,2025.11.19.20,0.0
Tianjin-Ev,2025.12.16.00,0.0
Tianjin-Ev,2025.12.16.04,0.0
Tianjin-Ev,2025.12.16.08,0.0
Tianjin-Ev,2025.12.16.12,0.0
Tianjin-Ev,2025.12.16.16,506.04196500000046
Tianjin-Ev,2025.12.16.20,83.15600064134924
West_Inner_Mongolia-Ev,2025.01.22.00,0.0
West_Inner_Mongolia-Ev,2025.01.22.04,0.0
West_Inner_Mongolia-Ev,2025.01.22.08,0.0
West_Inner_Mongolia-Ev,2025.01.22.12,0.0
West_Inner_Mongolia-Ev,2025.01.22.16,0.0
West_Inner_Mongolia-Ev,2025.01.22.20,0.0
West_Inner_Mongolia-Ev,2025.02.08.00,0.0
West_Inner_Mongolia-Ev,2025.02.08.04,0.0
West_Inner_Mongolia-Ev,2025.02.08.08,0.0
West_Inner_Mongolia-Ev,2025.02.08.12,0.0
West_Inner_Mongolia-Ev,2025.02.08.16,0.0
West_Inner_Mongolia-Ev,2025.02.08.20,0.014390999999999998
West_Inner_Mongolia-Ev,2025.03.21.00,0.0
West_Inner_Mongolia-Ev,2025.03.21.04,0.0
West_Inner_Mongolia-Ev,2025.03.21.08,0.0
West_Inner_Mongolia-Ev,2025.03.21.12,0.0
West_Inner_Mongolia-Ev,2025.03.21.16,0.0
West_Inner_Mongolia-Ev,2025.03.21.20,0.0
West_Inner_Mongolia-Ev,2025.04.11.00,0.0
West_Inner_Mongolia-Ev,2025.04.11.04,0.0
West_Inner_Mongolia-Ev,2025.04.11.08,0.0
West_Inner_Mongolia-Ev,2025.04.11.12,0.0
West_Inner_Mongolia-Ev,2025.04.11.16,0.0
West_Inner_Mongolia-Ev,2025.04.11.20,0.0
West_Inner_Mongolia-Ev,2025.05.22.00,0.0
West_Inner_Mongolia-Ev,2025.05.22.04,0.0007800000000000001
West_Inner_Mongolia-Ev,2025.05.22.08,0.0
West_Inner_Mongolia-Ev,2025.05.22.12,0.0
West_Inner_Mongolia-Ev,2025.05.22.16,0.019305
West_Inner_Mongolia-Ev,2025.05.22.20,0.014390999999999998
West_Inner_Mongolia-Ev,2025.06.16.00,0.0
West_Inner_Mongolia-Ev,2025.06.16.04,0.0
West_Inner_Mongolia-Ev,2025.06.16.08,0.0
West_Inner_Mongolia-Ev,2025.06.16.12,0.0
West_Inner_Mongolia-Ev,2025.06.16.16,0.0
West_Inner_Mongolia-Ev,2025.06.16.20,0.0
West_Inner_Mongolia-Ev,2025.07.22.00,0.0
West_Inner_Mongolia-Ev,2025.07.22.04,0.0
West_Inner_Mongolia-Ev,2025.07.22.08,0.0
West_Inner_Mongolia-Ev,2025.07.22.12,0.0
West_Inner_Mongolia-Ev,2025.07.22.16,0.0
West_Inner_Mongolia-Ev,2025.07.22.20,0.014390999999999998
West_Inner_Mongolia-Ev,2025.08.19.00,0.0
West_Inner_Mongolia-Ev,2025.08.19.04,0.0007800000000000001
West_Inner_Mongolia-Ev,2025.08.19.08,0.0
West_Inner_Mongolia-Ev,2025.08.19.12,0.0
West_Inner_Mongolia-Ev,2025.08.19.16,0.0
West_Inner_Mongolia-Ev,2025.08.19.20,0.014390999999999998
West_Inner_Mongolia-Ev,2025.09.20.00,0.010647
West_Inner_Mongolia-Ev,2025.09.20.04,0.0
West_Inner_Mongolia-Ev,2025.09.20.08,0.0
West_Inner_Mongolia-Ev,2025.09.20.12,0.0
West_Inner_Mongolia-Ev,2025.09.20.16,0.0
West_Inner_Mongolia-Ev,2025.09.20.20,0.0
West_Inner_Mongolia-Ev,2025.10.26.00,0.0
West_Inner_Mongolia-Ev,2025.10.26.04,0.0
West_Inner_Mongolia-Ev,2025.10.26.08,0.0
West_Inner_Mongolia-Ev,2025.10.26.12,0.0
West_Inner_Mongolia-Ev,2025.10.26.16,0.0
West_Inner_Mongolia-Ev,2025.10.26.20,0.014390999999999998
West_Inner_Mongolia-Ev,2025.11.19.00,0.0
West_Inner_Mongolia-Ev,2025.11.19.04,0.0
West_Inner_Mongolia-Ev,2025.11.19.08,0.0
West_Inner_Mongolia-Ev,2025.11.19.12,0.0
West_Inner_Mongolia-Ev,2025.11.19.16,0.0
West_Inner_Mongolia-Ev,2025.11.19.20,0.0
West_Inner_Mongolia-Ev,2025.12.16.00,0.0
West_Inner_Mongolia-Ev,2025.12.16.04,0.0
West_Inner_Mongolia-Ev,2025.12.16.08,1.95e-05
West_Inner_Mongolia-Ev,2025.12.16.12,0.0
West_Inner_Mongolia-Ev,2025.12.16.16,0.0
West_Inner_Mongolia-Ev,2025.12.16.20,0.0
East_Inner_Mongolia-Ev,2025.01.22.00,0.0
East_Inner_Mongolia-Ev,2025.01.22.04,0.0
East_Inner_Mongolia-Ev,2025.01.22.08,0.0
East_Inner_Mongolia-Ev,2025.01.22.12,0.0
East_Inner_Mongolia-Ev,2025.01.22.16,46.158255
East_Inner_Mongolia-Ev,2025.01.22.20,34.408880999999994
East_Inner_Mongolia-Ev,2025.02.08.00,0.0
East_Inner_Mongolia-Ev,2025.02.08.04,0.0
East_Inner_Mongolia-Ev,2025.02.08.08,0.0
East_Inner_Mongolia-Ev,2025.02.08.12,0.0
East_Inner_Mongolia-Ev,2025.02.08.16,46.158255
East_Inner_Mongolia-Ev,2025.02.08.20,34.408880999999994
East_Inner_Mongolia-Ev,2025.03.21.00,0.0
East_Inner_Mongolia-Ev,2025.03.21.04,0.0
East_Inner_Mongolia-Ev,2025.03.21.08,0.0
East_Inner_Mongolia-Ev,2025.03.21.12,0.0
East_Inner_Mongolia-Ev,2025.03.21.16,0.0
East_Inner_Mongolia-Ev,2025.03.21.20,34.408880999999994
East_Inner_Mongolia-Ev,2025.04.11.00,0.0
East_Inner_Mongolia-Ev,2025.04.11.04,0.0
East_Inner_Mongolia-Ev,2025.04.11.08,0.0
East_Inner_Mongolia-Ev,2025.04.11.12,0.0
East_Inner_Mongolia-Ev,2025.04.11.16,0.0
East_Inner_Mongolia-Ev,2025.04.11.20,0.0
East_Inner_Mongolia-Ev,2025.05.22.00,0.0
East_Inner_Mongolia-Ev,2025.05.22.04,1.8649800000000003
East_Inner_Mongolia-Ev,2025.05.22.08,0.0
East_Inner_Mongolia-Ev,2025.05.22.12,0.0
East_Inner_Mongolia-Ev,2025.05.22.16,46.158255
East_Inner_Mongolia-Ev,2025.05.22.20,25.076771000000008
East_Inner_Mongolia-Ev,2025.06.16.00,0.0
East_Inner_Mongolia-Ev,2025.06.16.04,0.0
East_Inner_Mongolia-Ev,2025.06.16.08,0.0
East_Inner_Mongolia-Ev,2025.06.16.12,0.0
East_Inner_Mongolia-Ev,2025.06.16.16,0.0
East_Inner_Mongolia-Ev,2025.06.16.20,0.0
East_Inner_Mongolia-Ev,2025.07.22.00,0.0
East_Inner_Mongolia-Ev,2025.07.22.04,0.0
East_Inner_Mongolia-Ev,2025.07.22.08,0.0
East_Inner_Mongolia-Ev,2025.07.22.12,0.0
East_Inner_Mongolia-Ev,2025.07.22.16,0.0
East_Inner_Mongolia-Ev,2025.07.22.20,0.0
East_Inner_Mongolia-Ev,2025.08.19.00,0.0
East_Inner_Mongolia-Ev,2025.08.19.04,1.8649800000000003
East_Inner_Mongolia-Ev,2025.08.19.08,0.0
East_Inner_Mongolia-Ev,2025.08.19.12,0.0
East_Inner_Mongolia-Ev,2025.08.19.16,0.0
East_Inner_Mongolia-Ev,2025.08.19.20,34.408880999999994
East_Inner_Mongolia-Ev,2025.09.20.00,25.456977000000002
East_Inner_Mongolia-Ev,2025.09.20.04,0.0
East_Inner_Mongolia-Ev,2025.09.20.08,0.0
East_Inner_Mongolia-Ev,2025.09.20.12,0.0
East_Inner_Mongolia-Ev,2025.09.20.16,0.0
East_Inner_Mongolia-Ev,2025.09.20.20,0.0
East_Inner_Mongolia-Ev,2025.10.26.00,0.0
East_Inner_Mongolia-Ev,2025.10.26.04,0.0
East_Inner_Mongolia-Ev,2025.10.26.08,0.0
East_Inner_Mongolia-Ev,2025.10.26.12,0.0
East_Inner_Mongolia-Ev,2025.10.26.16,0.0
East_Inner_Mongolia-Ev,2025.10.26.20,34.408880999999994
East_Inner_Mongolia-Ev,2025.11.19.00,0.0
East_Inner_Mongolia-Ev,2025.11.19.04,0.0
East_Inner_Mongolia-Ev,2025.11.19.08,0.0
East_Inner_Mongolia-Ev,2025.11.19.12,0.0
East_Inner_Mongolia-Ev,2025.11.19.16,39.300265000000024
East_Inner_Mongolia-Ev,2025.11.19.20,34.408880999999994
East_Inner_Mongolia-Ev,2025.12.16.00,0.0
East_Inner_Mongolia-Ev,2025.12.16.04,0.0
East_Inner_Mongolia-Ev,2025.12.16.08,0.0
East_Inner_Mongolia-Ev,2025.12.16.12,0.0
East_Inner_Mongolia-Ev,2025.12.16.16,46.158255
East_Inner_Mongolia-Ev,2025.12.16.20,0.0
Heilongjiang-Ev,2025.01.22.00,0.0
Heilongjiang-Ev,2025.01.22.04,0.0
Heilongjiang-Ev,2025.01.22.08,0.0
Heilongjiang-Ev,2025.01.22.12,0.0
Heilongjiang-Ev,2025.01.22.16,86.930415
Heilongjiang-Ev,2025.01.22.20,6.741606599999983
Heilongjiang-Ev,2025.02.08.00,0.0
Heilongjiang-Ev,2025.02.08.04,0.0
Heilongjiang-Ev,2025.02.08.08,0.0
Heilongjiang-Ev,2025.02.08.12,0.0
Heilongjiang-Ev,2025.02.08.16,67.74610159999997
Heilongjiang-Ev,2025.02.08.20,0.0
Heilongjiang-Ev,2025.03.21.00,0.0
Heilongjiang-Ev,2025.03.21.04,0.0
Heilongjiang-Ev,2025.03.21.08,0.0
Heilongjiang-Ev,2025.03.21.12,0.0
Heilongjiang-Ev,2025.03.21.16,73.23612460000004
Heilongjiang-Ev,2025.03.21.20,64.80267299999998
Heilongjiang-Ev,2025.04.11.00,0.0
Heilongjiang-Ev,2025.04.11.04,0.0
Heilongjiang-Ev,2025.04.11.08,0.0
Heilongjiang-Ev,2025.04.11.12,0.0
Heilongjiang-Ev,2025.04.11.16,0.0
Heilongjiang-Ev,2025.04.11.20,55.15948559999998
Heilongjiang-Ev,2025.05.22.00,0.0
Heilongjiang-Ev,2025.05.22.04,0.0
Heilongjiang-Ev,2025.05.22.08,0.0
Heilongjiang-Ev,2025.05.22.12,0.0
Heilongjiang-Ev,2025.05.22.16,0.0
Heilongjiang-Ev,2025.05.22.20,0.0
Heilongjiang-Ev,2025.06.16.00,0.0
Heilongjiang-Ev,2025.06.16.04,0.0
Heilongjiang-Ev,2025.06.16.08,0.0
Heilongjiang-Ev,2025.06.16.12,0.0
Heilongjiang-Ev,2025.06.16.16,0.0
Heilongjiang-Ev,2025.06.16.20,0.0
Heilongjiang-Ev,2025.07.22.00,0.0
Heilongjiang-Ev,2025.07.22.04,0.0
Heilongjiang-Ev,2025.07.22.08,0.0
Heilongjiang-Ev,2025.07.22.12,0.0
Heilongjiang-Ev,2025.07.22.16,0.0
Heilongjiang-Ev,2025.07.22.20,0.0
Heilongjiang-Ev,2025.08.19.00,47.93024347028563
Heilongjiang-Ev,2025.08.19.04,3.5123400000000005
Heilongjiang-Ev,2025.08.19.08,0.0
Heilongjiang-Ev,2025.08.19.12,0.0
Heilongjiang-Ev,2025.08.19.16,0.0
Heilongjiang-Ev,2025.08.19.20,64.80267299999998
Heilongjiang-Ev,2025.09.20.00,0.0
Heilongjiang-Ev,2025.09.20.04,3.5123400000000005
Heilongjiang-Ev,2025.09.20.08,0.0878085
Heilongjiang-Ev,2025.09.20.12,0.0
Heilongjiang-Ev,2025.09.20.16,24.04921829999995
Heilongjiang-Ev,2025.09.20.20,64.80267299999998
Heilongjiang-Ev,2025.10.26.00,0.0
Heilongjiang-Ev,2025.10.26.04,3.5123400000000005
Heilongjiang-Ev,2025.10.26.08,0.0
Heilongjiang-Ev,2025.10.26.12,0.0
Heilongjiang-Ev,2025.10.26.16,0.0
Heilongjiang-Ev,2025.10.26.20,0.0
Heilongjiang-Ev,2025.11.19.00,0.0
Heilongjiang-Ev,2025.11.19.04,0.0
Heilongjiang-Ev,2025.11.19.08,0.0
Heilongjiang-Ev,2025.11.19.12,0.0
Heilongjiang-Ev,2025.11.19.16,46.13203880000009
Heilongjiang-Ev,2025.11.19.20,64.80267299999998
Heilongjiang-Ev,2025.12.16.00,0.0
Heilongjiang-Ev,2025.12.16.04,0.0
Heilongjiang-Ev,2025.12.16.08,0.0
Heilongjiang-Ev,2025.12.16.12,0.0
Heilongjiang-Ev,2025.12.16.16,51.28272460000005
Heilongjiang-Ev,2025.12.16.20,64.80267299999998
Jilin-Ev,2025.01.22.00,0.0
Jilin-Ev,2025.01.22.04,0.0
Jilin-Ev,2025.01.22.08,0.0
Jilin-Ev,2025.01.22.12,0.0
Jilin-Ev,2025.01.22.16,88.706475
Jilin-Ev,2025.01.22.20,66.11261400000002
Jilin-Ev,2025.02.08.00,0.0
Jilin-Ev,2025.02.08.04,0.0
Jilin-Ev,2025.02.08.08,0.0
Jilin-Ev,2025.02.08.12,0.0
Jilin-Ev,2025.02.08.16,88.706475
Jilin-Ev,2025.02.08.20,44.653553999999986
Jilin-Ev,2025.03.21.00,0.0
Jilin-Ev,2025.03.21.04,0.0
Jilin-Ev,2025.03.21.08,0.0
Jilin-Ev,2025.03.21.12,0.0
Jilin-Ev,2025.03.21.16,88.706475
Jilin-Ev,2025.03.21.20,66.12664499999998
Jilin-Ev,2025.04.11.00,0.0
Jilin-Ev,2025.04.11.04,0.0
Jilin-Ev,2025.04.11.08,0.0
Jilin-Ev,2025.04.11.12,0.0
Jilin-Ev,2025.04.11.16,56.97234450000002
Jilin-Ev,2025.04.11.20,0.0
Jilin-Ev,2025.05.22.00,0.0
Jilin-Ev,2025.05.22.04,3.5841000000000003
Jilin-Ev,2025.05.22.08,0.0
Jilin-Ev,2025.05.22.12,0.0
Jilin-Ev,2025.05.22.16,88.706475
Jilin-Ev,2025.05.22.20,66.12664499999998
Jilin-Ev,2025.06.16.00,0.0
Jilin-Ev,2025.06.16.04,0.0
Jilin-Ev,2025.06.16.08,0.0
Jilin-Ev,2025.06.16.12,0.0
Jilin-Ev,2025.06.16.16,0.0
Jilin-Ev,2025.06.16.20,0.0
Jilin-Ev,2025.07.22.00,0.0
Jilin-Ev,2025.07.22.04,0.0
Jilin-Ev,2025.07.22.08,0.0
Jilin-Ev,2025.07.22.12,0.0
Jilin-Ev,2025.07.22.16,0.0
Jilin-Ev,2025.07.22.20,0.0
Jilin-Ev,2025.08.19.00,0.0
Jilin-Ev,2025.08.19.04,3.5841000000000003
Jilin-Ev,2025.08.19.08,0.0
Jilin-Ev,2025.08.19.12,0.0
Jilin-Ev,2025.08.19.16,0.0
Jilin-Ev,2025.08.19.20,66.12664499999998
Jilin-Ev,2025.09.20.00,0.0
Jilin-Ev,2025.09.20.04,0.0
Jilin-Ev,2025.09.20.08,0.0
Jilin-Ev,2025.09.20.12,0.0
Jilin-Ev,2025.09.20.16,0.0
Jilin-Ev,2025.09.20.20,0.0
Jilin-Ev,2025.10.26.00,0.0
Jilin-Ev,2025.10.26.04,0.0
Jilin-Ev,2025.10.26.08,0.0
Jilin-Ev,2025.10.26.12,0.0
Jilin-Ev,2025.10.26.16,0.0
Jilin-Ev,2025.10.26.20,66.12664499999998
Jilin-Ev,2025.11.19.00,0.0
Jilin-Ev,2025.11.19.04,0.0
Jilin-Ev,2025.11.19.08,0.0
Jilin-Ev,2025.11.19.12,0.0
Jilin-Ev,2025.11.19.16,42.7817340000001
Jilin-Ev,2025.11.19.20,66.12664499999998
Jilin-Ev,2025.12.16.00,0.0
Jilin-Ev,2025.12.16.04,0.0
Jilin-Ev,2025.12.16.08,0.0
Jilin-Ev,2025.12.16.12,0.0
Jilin-Ev,2025.12.16.16,88.706475
Jilin-Ev,2025.12.16.20,66.12664499999998
Liaoning-Ev,2025.01.22.00,0.0
Liaoning-Ev,2025.01.22.04,0.0
Liaoning-Ev,2025.01.22.08,0.0
Liaoning-Ev,2025.01.22.12,0.0
Liaoning-Ev,2025.01.22.16,119.80407690000015
Liaoning-Ev,2025.01.22.20,0.0
Liaoning-Ev,2025.02.08.00,0.0
Liaoning-Ev,2025.02.08.04,0.0
Liaoning-Ev,2025.02.08.08,0.0
Liaoning-Ev,2025.02.08.12,0.0
Liaoning-Ev,2025.02.08.16,343.24361290000013
Liaoning-Ev,2025.02.08.20,0.0
Liaoning-Ev,2025.03.21.00,0.0
Liaoning-Ev,2025.03.21.04,0.0
Liaoning-Ev,2025.03.21.08,0.0
Liaoning-Ev,2025.03.21.12,0.0
Liaoning-Ev,2025.03.21.16,0.0
Liaoning-Ev,2025.03.21.20,52.50039709797056
Liaoning-Ev,2025.04.11.00,0.0
Liaoning-Ev,2025.04.11.04,0.0
Liaoning-Ev,2025.04.11.08,0.0
Liaoning-Ev,2025.04.11.12,0.0
Liaoning-Ev,2025.04.11.16,0.0
Liaoning-Ev,2025.04.11.20,0.0
Liaoning-Ev,2025.05.22.00,0.0
Liaoning-Ev,2025.05.22.04,0.0
Liaoning-Ev,2025.05.22.08,0.0
Liaoning-Ev,2025.05.22.12,0.0
Liaoning-Ev,2025.05.22.16,188.86021790000007
Liaoning-Ev,2025.05.22.20,0.0
Liaoning-Ev,2025.06.16.00,0.0
Liaoning-Ev,2025.06.16.04,0.0
Liaoning-Ev,2025.06.16.08,0.0
Liaoning-Ev,2025.06.16.12,0.0
Liaoning-Ev,2025.06.16.16,0.0
Liaoning-Ev,2025.06.16.20,0.0
Liaoning-Ev,2025.07.22.00,0.0
Liaoning-Ev,2025.07.22.04,0.0
Liaoning-Ev,2025.07.22.08,0.0
Liaoning-Ev,2025.07.22.12,0.0
Liaoning-Ev,2025.07.22.16,0.0
Liaoning-Ev,2025.07.22.20,0.0
Liaoning-Ev,2025.08.19.00,0.0
Liaoning-Ev,2025.08.19.04,33.31146000000001
Liaoning-Ev,2025.08.19.08,0.0
Liaoning-Ev,2025.08.19.12,0.0
Liaoning-Ev,2025.08.19.16,0.0
Liaoning-Ev,2025.08.19.20,614.5964369999999
Liaoning-Ev,2025.09.20.00,0.0
Liaoning-Ev,2025.09.20.04,0.0
Liaoning-Ev,2025.09.20.08,0.0
Liaoning-Ev,2025.09.20.12,0.0
Liaoning-Ev,2025.09.20.16,0.0
Liaoning-Ev,2025.09.20.20,0.0
Liaoning-Ev,2025.10.26.00,0.0
Liaoning-Ev,2025.10.26.04,0.0
Liaoning-Ev,2025.10.26.08,0.0
Liaoning-Ev,2025.10.26.12,0.0
Liaoning-Ev,2025.10.26.16,0.0
Liaoning-Ev,2025.10.26.20,0.0
Liaoning-Ev,2025.11.19.00,0.0
Liaoning-Ev,2025.11.19.04,0.0
Liaoning-Ev,2025.11.19.08,0.0
Liaoning-Ev,2025.11.19.12,0.0
Liaoning-Ev,2025.11.19.16,0.0
Liaoning-Ev,2025.11.19.20,238.95474690000003
Liaoning-Ev,2025.12.16.00,0.0
Liaoning-Ev,2025.12.16.04,0.0
Liaoning-Ev,2025.12.16.08,0.0
Liaoning-Ev,2025.12.16.12,0.0
Liaoning-Ev,2025.12.16.16,824.458635
Liaoning-Ev,2025.12.16.20,0.0
Gansu-Ev,2025.01.22.00,85.71219675000003
Gansu-Ev,2025.01.22.04,0.0
Gansu-Ev,2025.01.22.08,0.266175
Gansu-Ev,2025.01.22.12,0.0
Gansu-Ev,2025.01.22.16,0.0
Gansu-Ev,2025.01.22.20,196.43714999999997
Gansu-Ev,2025.02.08.00,134.75161275000002
Gansu-Ev,2025.02.08.04,0.0
Gansu-Ev,2025.02.08.08,0.266175
Gansu-Ev,2025.02.08.12,0.0
Gansu-Ev,2025.02.08.16,0.0
Gansu-Ev,2025.02.08.20,196.43714999999997
Gansu-Ev,2025.03.21.00,145.33155
Gansu-Ev,2025.03.21.04,10.647000000000002
Gansu-Ev,2025.03.21.08,0.266175
Gansu-Ev,2025.03.21.12,0.0
Gansu-Ev,2025.03.21.16,0.0
Gansu-Ev,2025.03.21.20,124.6167307500001
Gansu-Ev,2025.04.11.00,145.33155
Gansu-Ev,2025.04.11.04,10.647000000000002
Gansu-Ev,2025.04.11.08,0.266175
Gansu-Ev,2025.04.11.12,0.0
Gansu-Ev,2025.04.11.16,0.0
Gansu-Ev,2025.04.11.20,74.31103874999991
Gansu-Ev,2025.05.22.00,0.0
Gansu-Ev,2025.05.22.04,0.0
Gansu-Ev,2025.05.22.08,0.0
Gansu-Ev,2025.05.22.12,0.0
Gansu-Ev,2025.05.22.16,0.0
Gansu-Ev,2025.05.22.20,196.43714999999997
Gansu-Ev,2025.06.16.00,145.33155
Gansu-Ev,2025.06.16.04,10.647000000000002
Gansu-Ev,2025.06.16.08,0.0
Gansu-Ev,2025.06.16.12,0.0
Gansu-Ev,2025.06.16.16,0.0
Gansu-Ev,2025.06.16.20,196.43714999999997
Gansu-Ev,2025.07.22.00,102.04835640000013
Gansu-Ev,2025.07.22.04,10.647000000000002
Gansu-Ev,2025.07.22.08,0.0
Gansu-Ev,2025.07.22.12,0.0
Gansu-Ev,2025.07.22.16,0.0
Gansu-Ev,2025.07.22.20,196.43714999999997
Gansu-Ev,2025.08.19.00,104.46579240000005
Gansu-Ev,2025.08.19.04,10.647000000000002
Gansu-Ev,2025.08.19.08,0.0
Gansu-Ev,2025.08.19.12,0.0
Gansu-Ev,2025.08.19.16,0.0
Gansu-Ev,2025.08.19.20,196.43714999999997
Gansu-Ev,2025.09.20.00,145.33155
Gansu-Ev,2025.09.20.04,0.0
Gansu-Ev,2025.09.20.08,0.0
Gansu-Ev,2025.09.20.12,0.0
Gansu-Ev,2025.09.20.16,0.0
Gansu-Ev,2025.09.20.20,118.72296975000006
Gansu-Ev,2025.10.26.00,0.0
Gansu-Ev,2025.10.26.04,5.0043384000000515
Gansu-Ev,2025.10.26.08,0.0
Gansu-Ev,2025.10.26.12,0.0
Gansu-Ev,2025.10.26.16,0.0
Gansu-Ev,2025.10.26.20,196.43714999999997
Gansu-Ev,2025.11.19.00,145.33155
Gansu-Ev,2025.11.19.04,10.647000000000002
Gansu-Ev,2025.11.19.08,0.266175
Gansu-Ev,2025.11.19.12,0.0
Gansu-Ev,2025.11.19.16,0.0
Gansu-Ev,2025.11.19.20,134.57426474999994
Gansu-Ev,2025.12.16.00,145.33155
Gansu-Ev,2025.12.16.04,10.647000000000002
Gansu-Ev,2025.12.16.08,0.266175
Gansu-Ev,2025.12.16.12,0.0
Gansu-Ev,2025.12.16.16,0.0
Gansu-Ev,2025.12.16.20,108.73072274999998
Ningxia-Ev,2025.01.22.00,24.085294500000018
Ningxia-Ev,2025.01.22.04,3.9569400000000003
Ningxia-Ev,2025.01.22.08,0.0989235
Ningxia-Ev,2025.01.22.12,0.0
Ningxia-Ev,2025.01.22.16,0.0
Ningxia-Ev,2025.01.22.20,73.00554299999999
Ningxia-Ev,2025.02.08.00,29.470075000000037
Ningxia-Ev,2025.02.08.04,0.0
Ningxia-Ev,2025.02.08.08,0.0
Ningxia-Ev,2025.02.08.12,0.0
Ningxia-Ev,2025.02.08.16,0.0
Ningxia-Ev,2025.02.08.20,73.00554299999999
Ningxia-Ev,2025.03.21.00,54.012231
Ningxia-Ev,2025.03.21.04,3.9569400000000003
Ningxia-Ev,2025.03.21.08,0.0989235
Ningxia-Ev,2025.03.21.12,0.0
Ningxia-Ev,2025.03.21.16,0.0
Ningxia-Ev,2025.03.21.20,73.00554299999999
Ningxia-Ev,2025.04.11.00,39.16865450000002
Ningxia-Ev,2025.04.11.04,3.9569400000000003
Ningxia-Ev,2025.04.11.08,0.0989235
Ningxia-Ev,2025.04.11.12,0.0
Ningxia-Ev,2025.04.11.16,0.0
Ningxia-Ev,2025.04.11.20,73.00554299999999
Ningxia-Ev,2025.05.22.00,0.0
Ningxia-Ev,2025.05.22.04,0.0
Ningxia-Ev,2025.05.22.08,0.0
Ningxia-Ev,2025.05.22.12,0.0
Ningxia-Ev,2025.05.22.16,0.0
Ningxia-Ev,2025.05.22.20,73.00554299999999
Ningxia-Ev,2025.06.16.00,52.19000340000005
Ningxia-Ev,2025.06.16.04,3.9569400000000003
Ningxia-Ev,2025.06.16.08,0.0
Ningxia-Ev,2025.06.16.12,0.0
Ningxia-Ev,2025.06.16.16,0.0
Ningxia-Ev,2025.06.16.20,73.00554299999999
Ningxia-Ev,2025.07.22.00,24.08263940000002
Ningxia-Ev,2025.07.22.04,0.0
Ningxia-Ev,2025.07.22.08,0.0
Ningxia-Ev,2025.07.22.12,0.0
Ningxia-Ev,2025.07.22.16,0.0
Ningxia-Ev,2025.07.22.20,73.00554299999999
Ningxia-Ev,2025.08.19.00,53.9902754
Ningxia-Ev,2025.08.19.04,3.9569400000000003
Ningxia-Ev,2025.08.19.08,0.0
Ningxia-Ev,2025.08.19.12,0.0
Ningxia-Ev,2025.08.19.16,0.0
Ningxia-Ev,2025.08.19.20,73.00554299999999
Ningxia-Ev,2025.09.20.00,54.012231
Ningxia-Ev,2025.09.20.04,0.0
Ningxia-Ev,2025.09.20.08,0.0
Ningxia-Ev,2025.09.20.12,0.0
Ningxia-Ev,2025.09.20.16,0.0
Ningxia-Ev,2025.09.20.20,0.0
Ningxia-Ev,2025.10.26.00,0.0
Ningxia-Ev,2025.10.26.04,3.9569400000000003
Ningxia-Ev,2025.10.26.08,0.0
Ningxia-Ev,2025.10.26.12,0.0
Ningxia-Ev,2025.10.26.16,0.0
Ningxia-Ev,2025.10.26.20,73.00554299999999
Ningxia-Ev,2025.11.19.00,0.0
Ningxia-Ev,2025.11.19.04,0.0
Ningxia-Ev,2025.11.19.08,0.0
Ningxia-Ev,2025.11.19.12,0.0
Ningxia-Ev,2025.11.19.16,0.0
Ningxia-Ev,2025.11.19.20,0.0
Ningxia-Ev,2025.12.16.00,53.47351850000268
Ningxia-Ev,2025.12.16.04,3.9569400000000003
Ningxia-Ev,2025.12.16.08,0.0989235
Ningxia-Ev,2025.12.16.12,0.0
Ningxia-Ev,2025.12.16.16,0.0
Ningxia-Ev,2025.12.16.20,73.00554299999999
Qinghai-Ev,2025.01.22.00,26.958204000000002
Qinghai-Ev,2025.01.22.04,1.9749600000000003
Qinghai-Ev,2025.01.22.08,0.049374
Qinghai-Ev,2025.01.22.12,0.0
Qinghai-Ev,2025.01.22.16,0.0
Qinghai-Ev,2025.01.22.20,19.428646500000028
Qinghai-Ev,2025.02.08.00,26.958204000000002
Qinghai-Ev,2025.02.08.04,0.0
Qinghai-Ev,2025.02.08.08,0.049374
Qinghai-Ev,2025.02.08.12,0.0
Qinghai-Ev,2025.02.08.16,0.0
Qinghai-Ev,2025.02.08.20,35.66378250000001
Qinghai-Ev,2025.03.21.00,26.958204000000002
Qinghai-Ev,2025.03.21.04,1.9749600000000003
Qinghai-Ev,2025.03.21.08,0.049374
Qinghai-Ev,2025.03.21.12,0.0
Qinghai-Ev,2025.03.21.16,0.0
Qinghai-Ev,2025.03.21.20,19.276942500000587
Qinghai-Ev,2025.04.11.00,26.958204000000002
Qinghai-Ev,2025.04.11.04,1.9749600000000003
Qinghai-Ev,2025.04.11.08,0.049374
Qinghai-Ev,2025.04.11.12,0.0
Qinghai-Ev,2025.04.11.16,0.0
Qinghai-Ev,2025.04.11.20,23.990602499998204
Qinghai-Ev,2025.05.22.00,25.690636800000025
Qinghai-Ev,2025.05.22.04,1.9749600000000003
Qinghai-Ev,2025.05.22.08,0.0
Qinghai-Ev,2025.05.22.12,0.0
Qinghai-Ev,2025.05.22.16,0.0
Qinghai-Ev,2025.05.22.20,36.43801199999999
Qinghai-Ev,2025.06.16.00,26.958204000000002
Qinghai-Ev,2025.06.16.04,1.9749600000000003
Qinghai-Ev,2025.06.16.08,0.0
Qinghai-Ev,2025.06.16.12,0.0
Qinghai-Ev,2025.06.16.16,0.0
Qinghai-Ev,2025.06.16.20,0.0
Qinghai-Ev,2025.07.22.00,26.958204000000002
Qinghai-Ev,2025.07.22.04,1.9749600000000003
Qinghai-Ev,2025.07.22.08,0.0
Qinghai-Ev,2025.07.22.12,0.0
Qinghai-Ev,2025.07.22.16,0.0
Qinghai-Ev,2025.07.22.20,18.526348799999994
Qinghai-Ev,2025.08.19.00,8.461396800000017
Qinghai-Ev,2025.08.19.04,1.9749600000000003
Qinghai-Ev,2025.08.19.08,0.0
Qinghai-Ev,2025.08.19.12,0.0
Qinghai-Ev,2025.08.19.16,0.0
Qinghai-Ev,2025.08.19.20,36.43801199999999
Qinghai-Ev,2025.09.20.00,26.958204000000002
Qinghai-Ev,2025.09.20.04,0.0
Qinghai-Ev,2025.09.20.08,0.0
Qinghai-Ev,2025.09.20.12,0.0
Qinghai-Ev,2025.09.20.16,0.0
Qinghai-Ev,2025.09.20.20,30.351232800000005
Qinghai-Ev,2025.10.26.00,26.958204000000002
Qinghai-Ev,2025.10.26.04,1.9749600000000003
Qinghai-Ev,2025.10.26.08,0.03085650000002202
Qinghai-Ev,2025.10.26.12,0.0
Qinghai-Ev,2025.10.26.16,0.0
Qinghai-Ev,2025.10.26.20,36.43801199999999
Qinghai-Ev,2025.11.19.00,26.958204000000002
Qinghai-Ev,2025.11.19.04,1.9749600000000003
Qinghai-Ev,2025.11.19.08,0.049374
Qinghai-Ev,2025.11.19.12,0.0
Qinghai-Ev,2025.11.19.16,0.0
Qinghai-Ev,2025.11.19.20,32.96281049999925
Qinghai-Ev,2025.12.16.00,26.958204000000002
Qinghai-Ev,2025.12.16.04,0.0
Qinghai-Ev,2025.12.16.08,0.049374
Qinghai-Ev,2025.12.16.12,0.0
Qinghai-Ev,2025.12.16.16,0.0
Qinghai-Ev,2025.12.16.20,18.716278500001863
Shaanxi-Ev,2025.01.22.00,256.1992951473485
Shaanxi-Ev,2025.01.22.04,30.404400000000003
Shaanxi-Ev,2025.01.22.08,0.0
Shaanxi-Ev,2025.01.22.12,0.0
Shaanxi-Ev,2025.01.22.16,0.0
Shaanxi-Ev,2025.01.22.20,0.0
Shaanxi-Ev,2025.02.08.00,415.02006
Shaanxi-Ev,2025.02.08.04,0.0
Shaanxi-Ev,2025.02.08.08,0.76011
Shaanxi-Ev,2025.02.08.12,0.0
Shaanxi-Ev,2025.02.08.16,0.0
Shaanxi-Ev,2025.02.08.20,560.9611799999999
Shaanxi-Ev,2025.03.21.00,415.02006
Shaanxi-Ev,2025.03.21.04,30.404400000000003
Shaanxi-Ev,2025.03.21.08,0.76011
Shaanxi-Ev,2025.03.21.12,0.0
Shaanxi-Ev,2025.03.21.16,0.0
Shaanxi-Ev,2025.03.21.20,560.9611799999999
Shaanxi-Ev,2025.04.11.00,415.02006
Shaanxi-Ev,2025.04.11.04,30.404400000000003
Shaanxi-Ev,2025.04.11.08,0.76011
Shaanxi-Ev,2025.04.11.12,0.0
Shaanxi-Ev,2025.04.11.16,0.0
Shaanxi-Ev,2025.04.11.20,560.9611799999999
Shaanxi-Ev,2025.05.22.00,0.0
Shaanxi-Ev,2025.05.22.04,0.0
Shaanxi-Ev,2025.05.22.08,0.0
Shaanxi-Ev,2025.05.22.12,0.0
Shaanxi-Ev,2025.05.22.16,0.0
Shaanxi-Ev,2025.05.22.20,0.0
Shaanxi-Ev,2025.06.16.00,0.0
Shaanxi-Ev,2025.06.16.04,0.0
Shaanxi-Ev,2025.06.16.08,0.0
Shaanxi-Ev,2025.06.16.12,0.0
Shaanxi-Ev,2025.06.16.16,0.0
Shaanxi-Ev,2025.06.16.20,0.0
Shaanxi-Ev,2025.07.22.00,415.02006
Shaanxi-Ev,2025.07.22.04,0.0
Shaanxi-Ev,2025.07.22.08,0.0
Shaanxi-Ev,2025.07.22.12,0.0
Shaanxi-Ev,2025.07.22.16,0.0
Shaanxi-Ev,2025.07.22.20,560.9611799999999
Shaanxi-Ev,2025.08.19.00,415.02006
Shaanxi-Ev,2025.08.19.04,30.404400000000003
Shaanxi-Ev,2025.08.19.08,0.0
Shaanxi-Ev,2025.08.19.12,110.20630627499997
Shaanxi-Ev,2025.08.19.16,0.0
Shaanxi-Ev,2025.08.19.20,560.9611799999999
Shaanxi-Ev,2025.09.20.00,0.0
Shaanxi-Ev,2025.09.20.04,0.0
Shaanxi-Ev,2025.09.20.08,0.0
Shaanxi-Ev,2025.09.20.12,0.0
Shaanxi-Ev,2025.09.20.16,0.0
Shaanxi-Ev,2025.09.20.20,0.0
Shaanxi-Ev,2025.10.26.00,0.0
Shaanxi-Ev,2025.10.26.04,0.0
Shaanxi-Ev,2025.10.26.08,0.0
Shaanxi-Ev,2025.10.26.12,0.0
Shaanxi-Ev,2025.10.26.16,0.0
Shaanxi-Ev,2025.10.26.20,560.9611799999999
Shaanxi-Ev,2025.11.19.00,0.0
Shaanxi-Ev,2025.11.19.04,0.0
Shaanxi-Ev,2025.11.19.08,0.0
Shaanxi-Ev,2025.11.19.12,0.0
Shaanxi-Ev,2025.11.19.16,0.0
Shaanxi-Ev,2025.11.19.20,0.0
Shaanxi-Ev,2025.12.16.00,0.0
Shaanxi-Ev,2025.12.16.04,0.0
Shaanxi-Ev,2025.12.16.08,0.0
Shaanxi-Ev,2025.12.16.12,0.0
Shaanxi-Ev,2025.12.16.16,0.0
Shaanxi-Ev,2025.12.16.20,0.0
Xinjiang-Ev,2025.01.22.00,0.0
Xinjiang-Ev,2025.01.22.04,0.0
Xinjiang-Ev,2025.01.22.08,0.0
Xinjiang-Ev,2025.01.22.12,0.0
Xinjiang-Ev,2025.01.22.16,0.0
Xinjiang-Ev,2025.01.22.20,0.0
Xinjiang-Ev,2025.02.08.00,0.0
Xinjiang-Ev,2025.02.08.04,0.0
Xinjiang-Ev,2025.02.08.08,0.0
Xinjiang-Ev,2025.02.08.12,0.0
Xinjiang-Ev,2025.02.08.16,0.0
Xinjiang-Ev,2025.02.08.20,0.0
Xinjiang-Ev,2025.03.21.00,83.50908812500003
Xinjiang-Ev,2025.03.21.04,7.583940000000001
Xinjiang-Ev,2025.03.21.08,0.1895985
Xinjiang-Ev,2025.03.21.12,0.0
Xinjiang-Ev,2025.03.21.16,0.0
Xinjiang-Ev,2025.03.21.20,139.923693
Xinjiang-Ev,2025.04.11.00,76.11436812500008
Xinjiang-Ev,2025.04.11.04,7.583940000000001
Xinjiang-Ev,2025.04.11.08,0.1895985
Xinjiang-Ev,2025.04.11.12,0.0
Xinjiang-Ev,2025.04.11.16,0.0
Xinjiang-Ev,2025.04.11.20,139.923693
Xinjiang-Ev,2025.05.22.00,39.15358660000007
Xinjiang-Ev,2025.05.22.04,7.583940000000001
Xinjiang-Ev,2025.05.22.08,0.0
Xinjiang-Ev,2025.05.22.12,0.0
Xinjiang-Ev,2025.05.22.16,0.0
Xinjiang-Ev,2025.05.22.20,139.923693
Xinjiang-Ev,2025.06.16.00,0.0
Xinjiang-Ev,2025.06.16.04,0.0
Xinjiang-Ev,2025.06.16.08,0.0
Xinjiang-Ev,2025.06.16.12,0.0
Xinjiang-Ev,2025.06.16.16,0.0
Xinjiang-Ev,2025.06.16.20,0.0
Xinjiang-Ev,2025.07.22.00,33.13728862500005
Xinjiang-Ev,2025.07.22.04,7.583940000000001
Xinjiang-Ev,2025.07.22.08,0.0
Xinjiang-Ev,2025.07.22.12,0.0
Xinjiang-Ev,2025.07.22.16,0.0
Xinjiang-Ev,2025.07.22.20,139.923693
Xinjiang-Ev,2025.08.19.00,43.03581460000001
Xinjiang-Ev,2025.08.19.04,7.583940000000001
Xinjiang-Ev,2025.08.19.08,0.0
Xinjiang-Ev,2025.08.19.12,0.0
Xinjiang-Ev,2025.08.19.16,0.0
Xinjiang-Ev,2025.08.19.20,139.923693
Xinjiang-Ev,2025.09.20.00,103.520781
Xinjiang-Ev,2025.09.20.04,7.583940000000001
Xinjiang-Ev,2025.09.20.08,0.004998625000069978
Xinjiang-Ev,2025.09.20.12,0.0
Xinjiang-Ev,2025.09.20.16,0.0
Xinjiang-Ev,2025.09.20.20,139.923693
Xinjiang-Ev,2025.10.26.00,0.0
Xinjiang-Ev,2025.10.26.04,0.0
Xinjiang-Ev,2025.10.26.08,0.0
Xinjiang-Ev,2025.10.26.12,0.0
Xinjiang-Ev,2025.10.26.16,0.0
Xinjiang-Ev,2025.10.26.20,139.923693
Xinjiang-Ev,2025.11.19.00,0.0
Xinjiang-Ev,2025.11.19.04,0.0
Xinjiang-Ev,2025.11.19.08,0.0
Xinjiang-Ev,2025.11.19.12,0.0
Xinjiang-Ev,2025.11.19.16,0.0
Xinjiang-Ev,2025.11.19.20,0.0
Xinjiang-Ev,2025.12.16.00,103.520781
Xinjiang-Ev,2025.12.16.04,7.583940000000001
Xinjiang-Ev,2025.12.16.08,0.1895985
Xinjiang-Ev,2025.12.16.12,0.0
Xinjiang-Ev,2025.12.16.16,0.0
Xinjiang-Ev,2025.12.16.20,139.923693
Guangdong-Ev,2025.01.22.00,0.0
Guangdong-Ev,2025.01.22.04,0.0
Guangdong-Ev,2025.01.22.08,0.0
Guangdong-Ev,2025.01.22.12,0.0
Guangdong-Ev,2025.01.22.16,0.0
Guangdong-Ev,2025.01.22.20,0.0
Guangdong-Ev,2025.02.08.00,0.0
Guangdong-Ev,2025.02.08.04,0.0
Guangdong-Ev,2025.02.08.08,0.0
Guangdong-Ev,2025.02.08.12,0.0
Guangdong-Ev,2025.02.08.16,0.0
Guangdong-Ev,2025.02.08.20,0.0
Guangdong-Ev,2025.03.21.00,0.0
Guangdong-Ev,2025.03.21.04,0.0
Guangdong-Ev,2025.03.21.08,0.0
Guangdong-Ev,2025.03.21.12,0.0
Guangdong-Ev,2025.03.21.16,0.0
Guangdong-Ev,2025.03.21.20,0.0
Guangdong-Ev,2025.04.11.00,0.0
Guangdong-Ev,2025.04.11.04,0.0
Guangdong-Ev,2025.04.11.08,0.0
Guangdong-Ev,2025.04.11.12,0.0
Guangdong-Ev,2025.04.11.16,0.0
Guangdong-Ev,2025.04.11.20,0.0
Guangdong-Ev,2025.05.22.00,0.0
Guangdong-Ev,2025.05.22.04,0.0
Guangdong-Ev,2025.05.22.08,0.0
Guangdong-Ev,2025.05.22.12,0.0
Guangdong-Ev,2025.05.22.16,0.0
Guangdong-Ev,2025.05.22.20,0.0
Guangdong-Ev,2025.06.16.00,0.0
Guangdong-Ev,2025.06.16.04,0.0
Guangdong-Ev,2025.06.16.08,0.0
Guangdong-Ev,2025.06.16.12,0.0
Guangdong-Ev,2025.06.16.16,0.0
Guangdong-Ev,2025.06.16.20,0.0
Guangdong-Ev,2025.07.22.00,0.0
Guangdong-Ev,2025.07.22.04,0.0
Guangdong-Ev,2025.07.22.08,0.0
Guangdong-Ev,2025.07.22.12,0.0
Guangdong-Ev,2025.07.22.16,0.0
Guangdong-Ev,2025.07.22.20,0.0
Guangdong-Ev,2025.08.19.00,0.0
Guangdong-Ev,2025.08.19.04,0.0
Guangdong-Ev,2025.08.19.08,0.0
Guangdong-Ev,2025.08.19.12,0.0
Guangdong-Ev,2025.08.19.16,0.0
Guangdong-Ev,2025.08.19.20,0.0
Guangdong-Ev,2025.09.20.00,0.0
Guangdong-Ev,2025.09.20.04,0.0
Guangdong-Ev,2025.09.20.08,0.0
Guangdong-Ev,2025.09.20.12,0.0
Guangdong-Ev,2025.09.20.16,0.0
Guangdong-Ev,2025.09.20.20,0.0
Guangdong-Ev,2025.10.26.00,0.0
Guangdong-Ev,2025.10.26.04,0.0
Guangdong-Ev,2025.10.26.08,0.0
Guangdong-Ev,2025.10.26.12,0.0
Guangdong-Ev,2025.10.26.16,0.0
Guangdong-Ev,2025.10.26.20,0.0
Guangdong-Ev,2025.11.19.00,0.0
Guangdong-Ev,2025.11.19.04,0.0
Guangdong-Ev,2025.11.19.08,0.0
Guangdong-Ev,2025.11.19.12,0.0
Guangdong-Ev,2025.11.19.16,0.0
Guangdong-Ev,2025.11.19.20,0.0
Guangdong-Ev,2025.12.16.00,0.0
Guangdong-Ev,2025.12.16.04,0.0
Guangdong-Ev,2025.12.16.08,0.0
Guangdong-Ev,2025.12.16.12,0.0
Guangdong-Ev,2025.12.16.16,0.0
Guangdong-Ev,2025.12.16.20,0.0
Guangxi-Ev,2025.01.22.00,0.0
Guangxi-Ev,2025.01.22.04,0.0
Guangxi-Ev,2025.01.22.08,0.0
Guangxi-Ev,2025.01.22.12,0.0
Guangxi-Ev,2025.01.22.16,0.0
Guangxi-Ev,2025.01.22.20,0.0
Guangxi-Ev,2025.02.08.00,0.0
Guangxi-Ev,2025.02.08.04,0.0
Guangxi-Ev,2025.02.08.08,0.0
Guangxi-Ev,2025.02.08.12,0.0
Guangxi-Ev,2025.02.08.16,0.0
Guangxi-Ev,2025.02.08.20,0.0
Guangxi-Ev,2025.03.21.00,0.0
Guangxi-Ev,2025.03.21.04,0.0
Guangxi-Ev,2025.03.21.08,0.0
Guangxi-Ev,2025.03.21.12,0.0
Guangxi-Ev,2025.03.21.16,0.0
Guangxi-Ev,2025.03.21.20,0.0
Guangxi-Ev,2025.04.11.00,0.0
Guangxi-Ev,2025.04.11.04,0.0
Guangxi-Ev,2025.04.11.08,0.0
Guangxi-Ev,2025.04.11.12,0.0
Guangxi-Ev,2025.04.11.16,0.0
Guangxi-Ev,2025.04.11.20,0.0
Guangxi-Ev,2025.05.22.00,0.0
Guangxi-Ev,2025.05.22.04,0.0
Guangxi-Ev,2025.05.22.08,0.0
Guangxi-Ev,2025.05.22.12,0.0
Guangxi-Ev,2025.05.22.16,0.0
Guangxi-Ev,2025.05.22.20,0.0
Guangxi-Ev,2025.06.16.00,0.0
Guangxi-Ev,2025.06.16.04,0.0
Guangxi-Ev,2025.06.16.08,0.0
Guangxi-Ev,2025.06.16.12,0.0
Guangxi-Ev,2025.06.16.16,596.3449918604492
Guangxi-Ev,2025.06.16.20,0.0
Guangxi-Ev,2025.07.22.00,0.0
Guangxi-Ev,2025.07.22.04,0.0
Guangxi-Ev,2025.07.22.08,0.0
Guangxi-Ev,2025.07.22.12,0.0
Guangxi-Ev,2025.07.22.16,812.4966807000005
Guangxi-Ev,2025.07.22.20,605.688408
Guangxi-Ev,2025.08.19.00,0.0
Guangxi-Ev,2025.08.19.04,0.0
Guangxi-Ev,2025.08.19.08,0.0
Guangxi-Ev,2025.08.19.12,0.0
Guangxi-Ev,2025.08.19.16,0.0
Guangxi-Ev,2025.08.19.20,410.0876017000003
Guangxi-Ev,2025.09.20.00,0.0
Guangxi-Ev,2025.09.20.04,0.0
Guangxi-Ev,2025.09.20.08,0.0
Guangxi-Ev,2025.09.20.12,0.0
Guangxi-Ev,2025.09.20.16,0.0
Guangxi-Ev,2025.09.20.20,0.0
Guangxi-Ev,2025.10.26.00,0.0
Guangxi-Ev,2025.10.26.04,0.0
Guangxi-Ev,2025.10.26.08,0.0
Guangxi-Ev,2025.10.26.12,0.0
Guangxi-Ev,2025.10.26.16,0.0
Guangxi-Ev,2025.10.26.20,0.0
Guangxi-Ev,2025.11.19.00,0.0
Guangxi-Ev,2025.11.19.04,0.0
Guangxi-Ev,2025.11.19.08,0.0
Guangxi-Ev,2025.11.19.12,0.0
Guangxi-Ev,2025.11.19.16,0.0
Guangxi-Ev,2025.11.19.20,0.0
Guangxi-Ev,2025.12.16.00,0.0
Guangxi-Ev,2025.12.16.04,0.0
Guangxi-Ev,2025.12.16.08,0.0
Guangxi-Ev,2025.12.16.12,0.0
Guangxi-Ev,2025.12.16.16,0.0
Guangxi-Ev,2025.12.16.20,0.0
Guizhou-Ev,2025.01.22.00,612.149265
Guizhou-Ev,2025.01.22.04,44.84610000000001
Guizhou-Ev,2025.01.22.08,1.1211525000000002
Guizhou-Ev,2025.01.22.12,0.0
Guizhou-Ev,2025.01.22.16,0.0
Guizhou-Ev,2025.01.22.20,20.884372375000112
Guizhou-Ev,2025.02.08.00,612.149265
Guizhou-Ev,2025.02.08.04,44.84610000000001
Guizhou-Ev,2025.02.08.08,1.1211525000000002
Guizhou-Ev,2025.02.08.12,0.0
Guizhou-Ev,2025.02.08.16,0.0
Guizhou-Ev,2025.02.08.20,295.30482537500006
Guizhou-Ev,2025.03.21.00,0.0
Guizhou-Ev,2025.03.21.04,0.0
Guizhou-Ev,2025.03.21.08,0.0
Guizhou-Ev,2025.03.21.12,0.0
Guizhou-Ev,2025.03.21.16,0.0
Guizhou-Ev,2025.03.21.20,827.4105449999998
Guizhou-Ev,2025.04.11.00,0.0
Guizhou-Ev,2025.04.11.04,0.0
Guizhou-Ev,2025.04.11.08,0.0
Guizhou-Ev,2025.04.11.12,0.0
Guizhou-Ev,2025.04.11.16,0.0
Guizhou-Ev,2025.04.11.20,0.0
Guizhou-Ev,2025.05.22.00,0.0
Guizhou-Ev,2025.05.22.04,0.0
Guizhou-Ev,2025.05.22.08,0.0
Guizhou-Ev,2025.05.22.12,0.0
Guizhou-Ev,2025.05.22.16,0.0
Guizhou-Ev,2025.05.22.20,0.0
Guizhou-Ev,2025.06.16.00,0.0
Guizhou-Ev,2025.06.16.04,0.0
Guizhou-Ev,2025.06.16.08,0.0
Guizhou-Ev,2025.06.16.12,0.0
Guizhou-Ev,2025.06.16.16,0.0
Guizhou-Ev,2025.06.16.20,0.0
Guizhou-Ev,2025.07.22.00,0.0
Guizhou-Ev,2025.07.22.04,0.0
Guizhou-Ev,2025.07.22.08,0.0
Guizhou-Ev,2025.07.22.12,0.0
Guizhou-Ev,2025.07.22.16,0.0
Guizhou-Ev,2025.07.22.20,827.4105449999998
Guizhou-Ev,2025.08.19.00,0.0
Guizhou-Ev,2025.08.19.04,0.0
Guizhou-Ev,2025.08.19.08,0.0
Guizhou-Ev,2025.08.19.12,0.0
Guizhou-Ev,2025.08.19.16,0.0
Guizhou-Ev,2025.08.19.20,827.4105450000001
Guizhou-Ev,2025.09.20.00,0.0
Guizhou-Ev,2025.09.20.04,0.0
Guizhou-Ev,2025.09.20.08,0.0
Guizhou-Ev,2025.09.20.12,0.0
Guizhou-Ev,2025.09.20.16,0.0
Guizhou-Ev,2025.09.20.20,0.0
Guizhou-Ev,2025.10.26.00,0.0
Guizhou-Ev,2025.10.26.04,0.0
Guizhou-Ev,2025.10.26.08,0.0
Guizhou-Ev,2025.10.26.12,0.0
Guizhou-Ev,2025.10.26.16,0.0
Guizhou-Ev,2025.10.26.20,827.4105449999998
Guizhou-Ev,2025.11.19.00,0.0
Guizhou-Ev,2025.11.19.04,0.0
Guizhou-Ev,2025.11.19.08,0.0
Guizhou-Ev,2025.11.19.12,0.0
Guizhou-Ev,2025.11.19.16,0.0
Guizhou-Ev,2025.11.19.20,0.0
Guizhou-Ev,2025.12.16.00,0.0
Guizhou-Ev,2025.12.16.04,0.0
Guizhou-Ev,2025.12.16.08,0.0
Guizhou-Ev,2025.12.16.12,0.0
Guizhou-Ev,2025.12.16.16,0.0
Guizhou-Ev,2025.12.16.20,0.0
Hainan-Ev,2025.01.22.00,0.0
Hainan-Ev,2025.01.22.04,21.19493999999992
Hainan-Ev,2025.01.22.08,0.0
Hainan-Ev,2025.01.22.12,0.0
Hainan-Ev,2025.01.22.16,0.0
Hainan-Ev,2025.01.22.20,85.86932510118004
Hainan-Ev,2025.02.08.00,289.31093099999885
Hainan-Ev,2025.02.08.04,21.19493999999992
Hainan-Ev,2025.02.08.08,0.529873499999998
Hainan-Ev,2025.02.08.12,0.0
Hainan-Ev,2025.02.08.16,0.0
Hainan-Ev,2025.02.08.20,391.0466429999984
Hainan-Ev,2025.03.21.00,280.8672065765686
Hainan-Ev,2025.03.21.04,0.0
Hainan-Ev,2025.03.21.08,0.529873499999998
Hainan-Ev,2025.03.21.12,0.0
Hainan-Ev,2025.03.21.16,0.0
Hainan-Ev,2025.03.21.20,287.29595538073954
Hainan-Ev,2025.04.11.00,289.31093099999885
Hainan-Ev,2025.04.11.04,21.19493999999992
Hainan-Ev,2025.04.11.08,0.0
Hainan-Ev,2025.04.11.12,0.0
Hainan-Ev,2025.04.11.16,0.0
Hainan-Ev,2025.04.11.20,27.470323279264676
Hainan-Ev,2025.05.22.00,0.0
Hainan-Ev,2025.05.22.04,0.0
Hainan-Ev,2025.05.22.08,0.0
Hainan-Ev,2025.05.22.12,0.0
Hainan-Ev,2025.05.22.16,0.0
Hainan-Ev,2025.05.22.20,391.0466429999984
Hainan-Ev,2025.06.16.00,0.0
Hainan-Ev,2025.06.16.04,0.0
Hainan-Ev,2025.06.16.08,0.0
Hainan-Ev,2025.06.16.12,0.0
Hainan-Ev,2025.06.16.16,0.0
Hainan-Ev,2025.06.16.20,0.0
Hainan-Ev,2025.07.22.00,283.1223426506144
Hainan-Ev,2025.07.22.04,0.0
Hainan-Ev,2025.07.22.08,0.0
Hainan-Ev,2025.07.22.12,0.0
Hainan-Ev,2025.07.22.16,0.0
Hainan-Ev,2025.07.22.20,0.0
Hainan-Ev,2025.08.19.00,225.1944743261056
Hainan-Ev,2025.08.19.04,0.0
Hainan-Ev,2025.08.19.08,0.0
Hainan-Ev,2025.08.19.12,0.0
Hainan-Ev,2025.08.19.16,0.0
Hainan-Ev,2025.08.19.20,23.252936385975772
Hainan-Ev,2025.09.20.00,54.39467157069248
Hainan-Ev,2025.09.20.04,0.0
Hainan-Ev,2025.09.20.08,0.0
Hainan-Ev,2025.09.20.12,0.0
Hainan-Ev,2025.09.20.16,0.0
Hainan-Ev,2025.09.20.20,300.79808109263104
Hainan-Ev,2025.10.26.00,96.44305261947557
Hainan-Ev,2025.10.26.04,21.19493999999992
Hainan-Ev,2025.10.26.08,0.0
Hainan-Ev,2025.10.26.12,0.0
Hainan-Ev,2025.10.26.16,0.0
Hainan-Ev,2025.10.26.20,0.0
Hainan-Ev,2025.11.19.00,169.26995916296346
Hainan-Ev,2025.11.19.04,0.0
Hainan-Ev,2025.11.19.08,0.0
Hainan-Ev,2025.11.19.12,0.0
Hainan-Ev,2025.11.19.16,0.0
Hainan-Ev,2025.11.19.20,0.0
Hainan-Ev,2025.12.16.00,83.81395032728688
Hainan-Ev,2025.12.16.04,0.0
Hainan-Ev,2025.12.16.08,0.0
Hainan-Ev,2025.12.16.12,0.0
Hainan-Ev,2025.12.16.16,0.0
Hainan-Ev,2025.12.16.20,0.0
Yunnan-Ev,2025.01.22.00,365.554098
Yunnan-Ev,2025.01.22.04,26.780520000000003
Yunnan-Ev,2025.01.22.08,0.669513
Yunnan-Ev,2025.01.22.12,0.0
Yunnan-Ev,2025.01.22.16,0.0
Yunnan-Ev,2025.01.22.20,494.1005939999999
Yunnan-Ev,2025.02.08.00,365.554098
Yunnan-Ev,2025.02.08.04,26.780520000000003
Yunnan-Ev,2025.02.08.08,0.669513
Yunnan-Ev,2025.02.08.12,0.0
Yunnan-Ev,2025.02.08.16,0.0
Yunnan-Ev,2025.02.08.20,290.52253599999995
Yunnan-Ev,2025.03.21.00,0.0
Yunnan-Ev,2025.03.21.04,0.0
Yunnan-Ev,2025.03.21.08,0.0
Yunnan-Ev,2025.03.21.12,0.0
Yunnan-Ev,2025.03.21.16,0.0
Yunnan-Ev,2025.03.21.20,0.0
Yunnan-Ev,2025.04.11.00,0.0
Yunnan-Ev,2025.04.11.04,0.0
Yunnan-Ev,2025.04.11.08,0.0
Yunnan-Ev,2025.04.11.12,0.0
Yunnan-Ev,2025.04.11.16,0.0
Yunnan-Ev,2025.04.11.20,0.0
Yunnan-Ev,2025.05.22.00,0.0
Yunnan-Ev,2025.05.22.04,0.0
Yunnan-Ev,2025.05.22.08,0.0
Yunnan-Ev,2025.05.22.12,0.0
Yunnan-Ev,2025.05.22.16,0.0
Yunnan-Ev,2025.05.22.20,0.0
Yunnan-Ev,2025.06.16.00,365.554098
Yunnan-Ev,2025.06.16.04,26.7687736000006
Yunnan-Ev,2025.06.16.08,0.0
Yunnan-Ev,2025.06.16.12,0.0
Yunnan-Ev,2025.06.16.16,0.0
Yunnan-Ev,2025.06.16.20,494.1005939999999
Yunnan-Ev,2025.07.22.00,0.0
Yunnan-Ev,2025.07.22.04,0.0
Yunnan-Ev,2025.07.22.08,0.0
Yunnan-Ev,2025.07.22.12,0.0
Yunnan-Ev,2025.07.22.16,0.0
Yunnan-Ev,2025.07.22.20,494.1005939999999
Yunnan-Ev,2025.08.19.00,0.0
Yunnan-Ev,2025.08.19.04,0.0
Yunnan-Ev,2025.08.19.08,0.0
Yunnan-Ev,2025.08.19.12,0.0
Yunnan-Ev,2025.08.19.16,0.0
Yunnan-Ev,2025.08.19.20,0.0
Yunnan-Ev,2025.09.20.00,0.0
Yunnan-Ev,2025.09.20.04,0.0
Yunnan-Ev,2025.09.20.08,0.0
Yunnan-Ev,2025.09.20.12,0.0
Yunnan-Ev,2025.09.20.16,0.0
Yunnan-Ev,2025.09.20.20,0.0
Yunnan-Ev,2025.10.26.00,0.0
Yunnan-Ev,2025.10.26.04,0.0
Yunnan-Ev,2025.10.26.08,0.0
Yunnan-Ev,2025.10.26.12,0.0
Yunnan-Ev,2025.10.26.16,0.0
Yunnan-Ev,2025.10.26.20,0.0
Yunnan-Ev,2025.11.19.00,0.0
Yunnan-Ev,2025.11.19.04,0.0
Yunnan-Ev,2025.11.19.08,0.0
Yunnan-Ev,2025.11.19.12,0.0
Yunnan-Ev,2025.11.19.16,0.0
Yunnan-Ev,2025.11.19.20,0.0
Yunnan-Ev,2025.12.16.00,0.0
Yunnan-Ev,2025.12.16.04,0.0
Yunnan-Ev,2025.12.16.08,0.0
Yunnan-Ev,2025.12.16.12,0.0
Yunnan-Ev,2025.12.16.16,0.0
Yunnan-Ev,2025.12.16.20,0.0
Tibet-Ev,2025.01.22.00,0.0
Tibet-Ev,2025.01.22.04,0.0766205000000042
Tibet-Ev,2025.01.22.08,0.0
Tibet-Ev,2025.01.22.12,0.0
Tibet-Ev,2025.01.22.16,43.47486
Tibet-Ev,2025.01.22.20,0.0
Tibet-Ev,2025.02.08.00,0.0
Tibet-Ev,2025.02.08.04,1.7565600000000006
Tibet-Ev,2025.02.08.08,0.0
Tibet-Ev,2025.02.08.12,0.0
Tibet-Ev,2025.02.08.16,0.0
Tibet-Ev,2025.02.08.20,32.408532
Tibet-Ev,2025.03.21.00,0.0
Tibet-Ev,2025.03.21.04,1.756560000000001
Tibet-Ev,2025.03.21.08,0.0
Tibet-Ev,2025.03.21.12,6.367530000000001
Tibet-Ev,2025.03.21.16,0.0
Tibet-Ev,2025.03.21.20,0.0
Tibet-Ev,2025.04.11.00,0.0
Tibet-Ev,2025.04.11.04,1.7565600000000519
Tibet-Ev,2025.04.11.08,0.0
Tibet-Ev,2025.04.11.12,0.0
Tibet-Ev,2025.04.11.16,43.47486
Tibet-Ev,2025.04.11.20,0.0
Tibet-Ev,2025.05.22.00,0.0
Tibet-Ev,2025.05.22.04,1.7565600000000006
Tibet-Ev,2025.05.22.08,0.0
Tibet-Ev,2025.05.22.12,0.0
Tibet-Ev,2025.05.22.16,41.22083049999999
Tibet-Ev,2025.05.22.20,0.0
Tibet-Ev,2025.06.16.00,0.0
Tibet-Ev,2025.06.16.04,1.7565600000000006
Tibet-Ev,2025.06.16.08,0.0
Tibet-Ev,2025.06.16.12,0.0
Tibet-Ev,2025.06.16.16,0.0
Tibet-Ev,2025.06.16.20,32.408532
Tibet-Ev,2025.07.22.00,0.0
Tibet-Ev,2025.07.22.04,0.0
Tibet-Ev,2025.07.22.08,0.0
Tibet-Ev,2025.07.22.12,0.0
Tibet-Ev,2025.07.22.16,0.0
Tibet-Ev,2025.07.22.20,0.0
Tibet-Ev,2025.08.19.00,23.977044000000095
Tibet-Ev,2025.08.19.04,0.0
Tibet-Ev,2025.08.19.08,0.0
Tibet-Ev,2025.08.19.12,0.0
Tibet-Ev,2025.08.19.16,0.0
Tibet-Ev,2025.08.19.20,15.733943249999921
Tibet-Ev,2025.09.20.00,0.0
Tibet-Ev,2025.09.20.04,0.0
Tibet-Ev,2025.09.20.08,0.0
Tibet-Ev,2025.09.20.12,0.0
Tibet-Ev,2025.09.20.16,0.0
Tibet-Ev,2025.09.20.20,0.0
Tibet-Ev,2025.10.26.00,0.0
Tibet-Ev,2025.10.26.04,0.0
Tibet-Ev,2025.10.26.08,0.0
Tibet-Ev,2025.10.26.12,0.0
Tibet-Ev,2025.10.26.16,0.0
Tibet-Ev,2025.10.26.20,0.0
Tibet-Ev,2025.11.19.00,0.0
Tibet-Ev,2025.11.19.04,0.0
Tibet-Ev,2025.11.19.08,0.0
Tibet-Ev,2025.11.19.12,0.0
Tibet-Ev,2025.11.19.16,15.579451800000005
Tibet-Ev,2025.11.19.20,0.0
Tibet-Ev,2025.12.16.00,0.0
Tibet-Ev,2025.12.16.04,0.0
Tibet-Ev,2025.12.16.08,0.0
Tibet-Ev,2025.12.16.12,0.0
Tibet-Ev,2025.12.16.16,41.1335485
Tibet-Ev,2025.12.16.20,0.0
